--
-- PostgreSQL database dump
--

-- Dumped from database version 16.2
-- Dumped by pg_dump version 16.2

SET statement_timeout = 0;
SET lock_timeout = 0;
SET idle_in_transaction_session_timeout = 0;
SET client_encoding = 'UTF8';
SET standard_conforming_strings = on;
SELECT pg_catalog.set_config('search_path', '', false);
SET check_function_bodies = false;
SET xmloption = content;
SET client_min_messages = warning;
SET row_security = off;

SET default_tablespace = '';

SET default_table_access_method = heap;

--
-- Name: account_emailaddress; Type: TABLE; Schema: public; Owner: postgres
--

CREATE TABLE public.account_emailaddress (
    id integer NOT NULL,
    email character varying(254) NOT NULL,
    verified boolean NOT NULL,
    "primary" boolean NOT NULL,
    user_id bigint NOT NULL
);


ALTER TABLE public.account_emailaddress OWNER TO postgres;

--
-- Name: account_emailaddress_id_seq; Type: SEQUENCE; Schema: public; Owner: postgres
--

ALTER TABLE public.account_emailaddress ALTER COLUMN id ADD GENERATED BY DEFAULT AS IDENTITY (
    SEQUENCE NAME public.account_emailaddress_id_seq
    START WITH 1
    INCREMENT BY 1
    NO MINVALUE
    NO MAXVALUE
    CACHE 1
);


--
-- Name: account_emailconfirmation; Type: TABLE; Schema: public; Owner: postgres
--

CREATE TABLE public.account_emailconfirmation (
    id integer NOT NULL,
    created timestamp with time zone NOT NULL,
    sent timestamp with time zone,
    key character varying(64) NOT NULL,
    email_address_id integer NOT NULL
);


ALTER TABLE public.account_emailconfirmation OWNER TO postgres;

--
-- Name: account_emailconfirmation_id_seq; Type: SEQUENCE; Schema: public; Owner: postgres
--

ALTER TABLE public.account_emailconfirmation ALTER COLUMN id ADD GENERATED BY DEFAULT AS IDENTITY (
    SEQUENCE NAME public.account_emailconfirmation_id_seq
    START WITH 1
    INCREMENT BY 1
    NO MINVALUE
    NO MAXVALUE
    CACHE 1
);


--
-- Name: auth_group; Type: TABLE; Schema: public; Owner: postgres
--

CREATE TABLE public.auth_group (
    id integer NOT NULL,
    name character varying(150) NOT NULL
);


ALTER TABLE public.auth_group OWNER TO postgres;

--
-- Name: auth_group_id_seq; Type: SEQUENCE; Schema: public; Owner: postgres
--

ALTER TABLE public.auth_group ALTER COLUMN id ADD GENERATED BY DEFAULT AS IDENTITY (
    SEQUENCE NAME public.auth_group_id_seq
    START WITH 1
    INCREMENT BY 1
    NO MINVALUE
    NO MAXVALUE
    CACHE 1
);


--
-- Name: auth_group_permissions; Type: TABLE; Schema: public; Owner: postgres
--

CREATE TABLE public.auth_group_permissions (
    id bigint NOT NULL,
    group_id integer NOT NULL,
    permission_id integer NOT NULL
);


ALTER TABLE public.auth_group_permissions OWNER TO postgres;

--
-- Name: auth_group_permissions_id_seq; Type: SEQUENCE; Schema: public; Owner: postgres
--

ALTER TABLE public.auth_group_permissions ALTER COLUMN id ADD GENERATED BY DEFAULT AS IDENTITY (
    SEQUENCE NAME public.auth_group_permissions_id_seq
    START WITH 1
    INCREMENT BY 1
    NO MINVALUE
    NO MAXVALUE
    CACHE 1
);


--
-- Name: auth_permission; Type: TABLE; Schema: public; Owner: postgres
--

CREATE TABLE public.auth_permission (
    id integer NOT NULL,
    name character varying(255) NOT NULL,
    content_type_id integer NOT NULL,
    codename character varying(100) NOT NULL
);


ALTER TABLE public.auth_permission OWNER TO postgres;

--
-- Name: auth_permission_id_seq; Type: SEQUENCE; Schema: public; Owner: postgres
--

ALTER TABLE public.auth_permission ALTER COLUMN id ADD GENERATED BY DEFAULT AS IDENTITY (
    SEQUENCE NAME public.auth_permission_id_seq
    START WITH 1
    INCREMENT BY 1
    NO MINVALUE
    NO MAXVALUE
    CACHE 1
);


--
-- Name: cars_brand; Type: TABLE; Schema: public; Owner: postgres
--

CREATE TABLE public.cars_brand (
    id bigint NOT NULL,
    name character varying(100) NOT NULL,
    logo character varying(100),
    description text NOT NULL
);


ALTER TABLE public.cars_brand OWNER TO postgres;

--
-- Name: cars_brand_id_seq; Type: SEQUENCE; Schema: public; Owner: postgres
--

ALTER TABLE public.cars_brand ALTER COLUMN id ADD GENERATED BY DEFAULT AS IDENTITY (
    SEQUENCE NAME public.cars_brand_id_seq
    START WITH 1
    INCREMENT BY 1
    NO MINVALUE
    NO MAXVALUE
    CACHE 1
);


--
-- Name: cars_car; Type: TABLE; Schema: public; Owner: postgres
--

CREATE TABLE public.cars_car (
    id bigint NOT NULL,
    name character varying(100) NOT NULL,
    image character varying(100),
    color character varying(100) NOT NULL,
    description text,
    per_day_rent integer NOT NULL,
    created_at timestamp with time zone NOT NULL,
    brand_id bigint NOT NULL,
    category_id bigint NOT NULL,
    model character varying(100),
    year_of_manufacture integer,
    no_of_times_rented integer NOT NULL,
    is_deleted boolean NOT NULL,
    monthly_rent integer NOT NULL,
    weekly_rent integer NOT NULL,
    rented boolean NOT NULL,
    CONSTRAINT cars_car_monthly_rent_check CHECK ((monthly_rent >= 0)),
    CONSTRAINT cars_car_no_of_times_rented_check CHECK ((no_of_times_rented >= 0)),
    CONSTRAINT cars_car_per_day_rent_1c3c386f_check CHECK ((per_day_rent >= 0)),
    CONSTRAINT cars_car_weekly_rent_check CHECK ((weekly_rent >= 0))
);


ALTER TABLE public.cars_car OWNER TO postgres;

--
-- Name: cars_car_id_seq; Type: SEQUENCE; Schema: public; Owner: postgres
--

ALTER TABLE public.cars_car ALTER COLUMN id ADD GENERATED BY DEFAULT AS IDENTITY (
    SEQUENCE NAME public.cars_car_id_seq
    START WITH 1
    INCREMENT BY 1
    NO MINVALUE
    NO MAXVALUE
    CACHE 1
);


--
-- Name: cars_carimages; Type: TABLE; Schema: public; Owner: postgres
--

CREATE TABLE public.cars_carimages (
    id bigint NOT NULL,
    image character varying(100),
    added_at timestamp with time zone NOT NULL,
    car_id bigint NOT NULL
);


ALTER TABLE public.cars_carimages OWNER TO postgres;

--
-- Name: cars_carimages_id_seq; Type: SEQUENCE; Schema: public; Owner: postgres
--

ALTER TABLE public.cars_carimages ALTER COLUMN id ADD GENERATED BY DEFAULT AS IDENTITY (
    SEQUENCE NAME public.cars_carimages_id_seq
    START WITH 1
    INCREMENT BY 1
    NO MINVALUE
    NO MAXVALUE
    CACHE 1
);


--
-- Name: cars_category; Type: TABLE; Schema: public; Owner: postgres
--

CREATE TABLE public.cars_category (
    id bigint NOT NULL,
    name character varying(100) NOT NULL,
    logo character varying(100),
    description text NOT NULL
);


ALTER TABLE public.cars_category OWNER TO postgres;

--
-- Name: cars_category_id_seq; Type: SEQUENCE; Schema: public; Owner: postgres
--

ALTER TABLE public.cars_category ALTER COLUMN id ADD GENERATED BY DEFAULT AS IDENTITY (
    SEQUENCE NAME public.cars_category_id_seq
    START WITH 1
    INCREMENT BY 1
    NO MINVALUE
    NO MAXVALUE
    CACHE 1
);


--
-- Name: cars_features; Type: TABLE; Schema: public; Owner: postgres
--

CREATE TABLE public.cars_features (
    id bigint NOT NULL,
    "Air_Conditioner" boolean NOT NULL,
    "Digital_Odometer" boolean NOT NULL,
    "Heater" boolean NOT NULL,
    "Leather_Seats" boolean NOT NULL,
    "Panoramic_Moonroof" boolean NOT NULL,
    "Tachometer" boolean NOT NULL,
    "Touchscreen_Display" boolean NOT NULL,
    "Antilock_Braking" boolean NOT NULL,
    "Brake_Assist" boolean NOT NULL,
    "Child_Safety_Locks" boolean NOT NULL,
    "Driver_Air_Bag" boolean NOT NULL,
    "Power_Door_Locks" boolean NOT NULL,
    "Stability_Control" boolean NOT NULL,
    "Traction_Control" boolean NOT NULL,
    "Fog_Lights_Front" boolean NOT NULL,
    "Rain_Sensing_Wiper" boolean NOT NULL,
    "Rear_Spoiler" boolean NOT NULL,
    "Windows_Electric" boolean NOT NULL,
    "Android_Auto" boolean NOT NULL,
    "Bluetooth" boolean NOT NULL,
    "HomeLink" boolean NOT NULL,
    "Power_Steering" boolean NOT NULL,
    car_id bigint NOT NULL
);


ALTER TABLE public.cars_features OWNER TO postgres;

--
-- Name: cars_features_id_seq; Type: SEQUENCE; Schema: public; Owner: postgres
--

ALTER TABLE public.cars_features ALTER COLUMN id ADD GENERATED BY DEFAULT AS IDENTITY (
    SEQUENCE NAME public.cars_features_id_seq
    START WITH 1
    INCREMENT BY 1
    NO MINVALUE
    NO MAXVALUE
    CACHE 1
);


--
-- Name: cars_fuel_type; Type: TABLE; Schema: public; Owner: postgres
--

CREATE TABLE public.cars_fuel_type (
    id bigint NOT NULL,
    name character varying(100) NOT NULL
);


ALTER TABLE public.cars_fuel_type OWNER TO postgres;

--
-- Name: cars_fuel_type_id_seq; Type: SEQUENCE; Schema: public; Owner: postgres
--

ALTER TABLE public.cars_fuel_type ALTER COLUMN id ADD GENERATED BY DEFAULT AS IDENTITY (
    SEQUENCE NAME public.cars_fuel_type_id_seq
    START WITH 1
    INCREMENT BY 1
    NO MINVALUE
    NO MAXVALUE
    CACHE 1
);


--
-- Name: cars_review; Type: TABLE; Schema: public; Owner: postgres
--

CREATE TABLE public.cars_review (
    id bigint NOT NULL,
    rating integer NOT NULL,
    review text NOT NULL,
    car_id bigint NOT NULL,
    user_id bigint NOT NULL,
    image character varying(100)
);


ALTER TABLE public.cars_review OWNER TO postgres;

--
-- Name: cars_review_id_seq; Type: SEQUENCE; Schema: public; Owner: postgres
--

ALTER TABLE public.cars_review ALTER COLUMN id ADD GENERATED BY DEFAULT AS IDENTITY (
    SEQUENCE NAME public.cars_review_id_seq
    START WITH 1
    INCREMENT BY 1
    NO MINVALUE
    NO MAXVALUE
    CACHE 1
);


--
-- Name: cars_specification; Type: TABLE; Schema: public; Owner: postgres
--

CREATE TABLE public.cars_specification (
    id bigint NOT NULL,
    engine_size numeric(5,2) NOT NULL,
    seats integer NOT NULL,
    condition numeric(5,2) NOT NULL,
    car_id bigint NOT NULL,
    fuel_type_id bigint NOT NULL,
    transmission_id bigint NOT NULL,
    max_speed_in_km_per_h integer
);


ALTER TABLE public.cars_specification OWNER TO postgres;

--
-- Name: cars_specification_id_seq; Type: SEQUENCE; Schema: public; Owner: postgres
--

ALTER TABLE public.cars_specification ALTER COLUMN id ADD GENERATED BY DEFAULT AS IDENTITY (
    SEQUENCE NAME public.cars_specification_id_seq
    START WITH 1
    INCREMENT BY 1
    NO MINVALUE
    NO MAXVALUE
    CACHE 1
);


--
-- Name: cars_transmission; Type: TABLE; Schema: public; Owner: postgres
--

CREATE TABLE public.cars_transmission (
    id bigint NOT NULL,
    name character varying(100) NOT NULL
);


ALTER TABLE public.cars_transmission OWNER TO postgres;

--
-- Name: cars_transmission_id_seq; Type: SEQUENCE; Schema: public; Owner: postgres
--

ALTER TABLE public.cars_transmission ALTER COLUMN id ADD GENERATED BY DEFAULT AS IDENTITY (
    SEQUENCE NAME public.cars_transmission_id_seq
    START WITH 1
    INCREMENT BY 1
    NO MINVALUE
    NO MAXVALUE
    CACHE 1
);


--
-- Name: core_customization; Type: TABLE; Schema: public; Owner: postgres
--

CREATE TABLE public.core_customization (
    id bigint NOT NULL,
    title character varying(220) NOT NULL,
    listing_image_desktop character varying(100),
    listing_image_mobile character varying(100),
    main_large_heading character varying(220) NOT NULL,
    main_screen_image_desktop character varying(100),
    main_screen_image_mobile character varying(100),
    main_small_heading character varying(220) NOT NULL
);


ALTER TABLE public.core_customization OWNER TO postgres;

--
-- Name: core_customization_id_seq; Type: SEQUENCE; Schema: public; Owner: postgres
--

ALTER TABLE public.core_customization ALTER COLUMN id ADD GENERATED BY DEFAULT AS IDENTITY (
    SEQUENCE NAME public.core_customization_id_seq
    START WITH 1
    INCREMENT BY 1
    NO MINVALUE
    NO MAXVALUE
    CACHE 1
);


--
-- Name: django_admin_log; Type: TABLE; Schema: public; Owner: postgres
--

CREATE TABLE public.django_admin_log (
    id integer NOT NULL,
    action_time timestamp with time zone NOT NULL,
    object_id text,
    object_repr character varying(200) NOT NULL,
    action_flag smallint NOT NULL,
    change_message text NOT NULL,
    content_type_id integer,
    user_id bigint NOT NULL,
    CONSTRAINT django_admin_log_action_flag_check CHECK ((action_flag >= 0))
);


ALTER TABLE public.django_admin_log OWNER TO postgres;

--
-- Name: django_admin_log_id_seq; Type: SEQUENCE; Schema: public; Owner: postgres
--

ALTER TABLE public.django_admin_log ALTER COLUMN id ADD GENERATED BY DEFAULT AS IDENTITY (
    SEQUENCE NAME public.django_admin_log_id_seq
    START WITH 1
    INCREMENT BY 1
    NO MINVALUE
    NO MAXVALUE
    CACHE 1
);


--
-- Name: django_content_type; Type: TABLE; Schema: public; Owner: postgres
--

CREATE TABLE public.django_content_type (
    id integer NOT NULL,
    app_label character varying(100) NOT NULL,
    model character varying(100) NOT NULL
);


ALTER TABLE public.django_content_type OWNER TO postgres;

--
-- Name: django_content_type_id_seq; Type: SEQUENCE; Schema: public; Owner: postgres
--

ALTER TABLE public.django_content_type ALTER COLUMN id ADD GENERATED BY DEFAULT AS IDENTITY (
    SEQUENCE NAME public.django_content_type_id_seq
    START WITH 1
    INCREMENT BY 1
    NO MINVALUE
    NO MAXVALUE
    CACHE 1
);


--
-- Name: django_migrations; Type: TABLE; Schema: public; Owner: postgres
--

CREATE TABLE public.django_migrations (
    id bigint NOT NULL,
    app character varying(255) NOT NULL,
    name character varying(255) NOT NULL,
    applied timestamp with time zone NOT NULL
);


ALTER TABLE public.django_migrations OWNER TO postgres;

--
-- Name: django_migrations_id_seq; Type: SEQUENCE; Schema: public; Owner: postgres
--

ALTER TABLE public.django_migrations ALTER COLUMN id ADD GENERATED BY DEFAULT AS IDENTITY (
    SEQUENCE NAME public.django_migrations_id_seq
    START WITH 1
    INCREMENT BY 1
    NO MINVALUE
    NO MAXVALUE
    CACHE 1
);


--
-- Name: django_session; Type: TABLE; Schema: public; Owner: postgres
--

CREATE TABLE public.django_session (
    session_key character varying(40) NOT NULL,
    session_data text NOT NULL,
    expire_date timestamp with time zone NOT NULL
);


ALTER TABLE public.django_session OWNER TO postgres;

--
-- Name: rent_extended_rent; Type: TABLE; Schema: public; Owner: postgres
--

CREATE TABLE public.rent_extended_rent (
    id bigint NOT NULL,
    period character varying(50),
    number_of_period integer,
    extended_at timestamp with time zone,
    rent_id bigint NOT NULL,
    confirmed boolean NOT NULL,
    erid character varying(30),
    CONSTRAINT rent_extended_rent_number_of_period_check CHECK ((number_of_period >= 0))
);


ALTER TABLE public.rent_extended_rent OWNER TO postgres;

--
-- Name: rent_extended_rent_id_seq; Type: SEQUENCE; Schema: public; Owner: postgres
--

ALTER TABLE public.rent_extended_rent ALTER COLUMN id ADD GENERATED BY DEFAULT AS IDENTITY (
    SEQUENCE NAME public.rent_extended_rent_id_seq
    START WITH 1
    INCREMENT BY 1
    NO MINVALUE
    NO MAXVALUE
    CACHE 1
);


--
-- Name: rent_rent; Type: TABLE; Schema: public; Owner: postgres
--

CREATE TABLE public.rent_rent (
    id bigint NOT NULL,
    rid character varying(30) NOT NULL,
    cancelled boolean NOT NULL,
    is_deleted boolean NOT NULL,
    paid boolean NOT NULL,
    car_id bigint NOT NULL,
    user_id bigint NOT NULL,
    created_at timestamp with time zone,
    number_of_period integer,
    period character varying(50),
    delivery_method character varying(50),
    rent integer,
    total_rent integer,
    extended_rent integer,
    is_extended boolean NOT NULL,
    CONSTRAINT rent_rent_extended_rent_check CHECK ((extended_rent >= 0)),
    CONSTRAINT rent_rent_number_of_period_check CHECK ((number_of_period >= 0)),
    CONSTRAINT rent_rent_rent_check CHECK ((rent >= 0)),
    CONSTRAINT rent_rent_total_rent_check CHECK ((total_rent >= 0))
);


ALTER TABLE public.rent_rent OWNER TO postgres;

--
-- Name: rent_rent_id_seq; Type: SEQUENCE; Schema: public; Owner: postgres
--

ALTER TABLE public.rent_rent ALTER COLUMN id ADD GENERATED BY DEFAULT AS IDENTITY (
    SEQUENCE NAME public.rent_rent_id_seq
    START WITH 1
    INCREMENT BY 1
    NO MINVALUE
    NO MAXVALUE
    CACHE 1
);


--
-- Name: rent_rented_car; Type: TABLE; Schema: public; Owner: postgres
--

CREATE TABLE public.rent_rented_car (
    id bigint NOT NULL,
    created_at timestamp with time zone,
    rent_id bigint NOT NULL,
    over_due_charges integer NOT NULL,
    return_status character varying(50),
    CONSTRAINT rent_rented_car_over_due_charges_check CHECK ((over_due_charges >= 0))
);


ALTER TABLE public.rent_rented_car OWNER TO postgres;

--
-- Name: rent_rented_car_id_seq; Type: SEQUENCE; Schema: public; Owner: postgres
--

ALTER TABLE public.rent_rented_car ALTER COLUMN id ADD GENERATED BY DEFAULT AS IDENTITY (
    SEQUENCE NAME public.rent_rented_car_id_seq
    START WITH 1
    INCREMENT BY 1
    NO MINVALUE
    NO MAXVALUE
    CACHE 1
);


--
-- Name: socialaccount_socialaccount; Type: TABLE; Schema: public; Owner: postgres
--

CREATE TABLE public.socialaccount_socialaccount (
    id integer NOT NULL,
    provider character varying(200) NOT NULL,
    uid character varying(191) NOT NULL,
    last_login timestamp with time zone NOT NULL,
    date_joined timestamp with time zone NOT NULL,
    extra_data jsonb NOT NULL,
    user_id bigint NOT NULL
);


ALTER TABLE public.socialaccount_socialaccount OWNER TO postgres;

--
-- Name: socialaccount_socialaccount_id_seq; Type: SEQUENCE; Schema: public; Owner: postgres
--

ALTER TABLE public.socialaccount_socialaccount ALTER COLUMN id ADD GENERATED BY DEFAULT AS IDENTITY (
    SEQUENCE NAME public.socialaccount_socialaccount_id_seq
    START WITH 1
    INCREMENT BY 1
    NO MINVALUE
    NO MAXVALUE
    CACHE 1
);


--
-- Name: socialaccount_socialapp; Type: TABLE; Schema: public; Owner: postgres
--

CREATE TABLE public.socialaccount_socialapp (
    id integer NOT NULL,
    provider character varying(30) NOT NULL,
    name character varying(40) NOT NULL,
    client_id character varying(191) NOT NULL,
    secret character varying(191) NOT NULL,
    key character varying(191) NOT NULL,
    provider_id character varying(200) NOT NULL,
    settings jsonb NOT NULL
);


ALTER TABLE public.socialaccount_socialapp OWNER TO postgres;

--
-- Name: socialaccount_socialapp_id_seq; Type: SEQUENCE; Schema: public; Owner: postgres
--

ALTER TABLE public.socialaccount_socialapp ALTER COLUMN id ADD GENERATED BY DEFAULT AS IDENTITY (
    SEQUENCE NAME public.socialaccount_socialapp_id_seq
    START WITH 1
    INCREMENT BY 1
    NO MINVALUE
    NO MAXVALUE
    CACHE 1
);


--
-- Name: socialaccount_socialtoken; Type: TABLE; Schema: public; Owner: postgres
--

CREATE TABLE public.socialaccount_socialtoken (
    id integer NOT NULL,
    token text NOT NULL,
    token_secret text NOT NULL,
    expires_at timestamp with time zone,
    account_id integer NOT NULL,
    app_id integer
);


ALTER TABLE public.socialaccount_socialtoken OWNER TO postgres;

--
-- Name: socialaccount_socialtoken_id_seq; Type: SEQUENCE; Schema: public; Owner: postgres
--

ALTER TABLE public.socialaccount_socialtoken ALTER COLUMN id ADD GENERATED BY DEFAULT AS IDENTITY (
    SEQUENCE NAME public.socialaccount_socialtoken_id_seq
    START WITH 1
    INCREMENT BY 1
    NO MINVALUE
    NO MAXVALUE
    CACHE 1
);


--
-- Name: userauths_user; Type: TABLE; Schema: public; Owner: postgres
--

CREATE TABLE public.userauths_user (
    id bigint NOT NULL,
    password character varying(128) NOT NULL,
    last_login timestamp with time zone,
    is_superuser boolean NOT NULL,
    first_name character varying(150) NOT NULL,
    last_name character varying(150) NOT NULL,
    is_staff boolean NOT NULL,
    is_active boolean NOT NULL,
    date_joined timestamp with time zone NOT NULL,
    email character varying(254) NOT NULL,
    username character varying(100) NOT NULL,
    profile_image character varying(100)
);


ALTER TABLE public.userauths_user OWNER TO postgres;

--
-- Name: userauths_user_groups; Type: TABLE; Schema: public; Owner: postgres
--

CREATE TABLE public.userauths_user_groups (
    id bigint NOT NULL,
    user_id bigint NOT NULL,
    group_id integer NOT NULL
);


ALTER TABLE public.userauths_user_groups OWNER TO postgres;

--
-- Name: userauths_user_groups_id_seq; Type: SEQUENCE; Schema: public; Owner: postgres
--

ALTER TABLE public.userauths_user_groups ALTER COLUMN id ADD GENERATED BY DEFAULT AS IDENTITY (
    SEQUENCE NAME public.userauths_user_groups_id_seq
    START WITH 1
    INCREMENT BY 1
    NO MINVALUE
    NO MAXVALUE
    CACHE 1
);


--
-- Name: userauths_user_id_seq; Type: SEQUENCE; Schema: public; Owner: postgres
--

ALTER TABLE public.userauths_user ALTER COLUMN id ADD GENERATED BY DEFAULT AS IDENTITY (
    SEQUENCE NAME public.userauths_user_id_seq
    START WITH 1
    INCREMENT BY 1
    NO MINVALUE
    NO MAXVALUE
    CACHE 1
);


--
-- Name: userauths_user_user_permissions; Type: TABLE; Schema: public; Owner: postgres
--

CREATE TABLE public.userauths_user_user_permissions (
    id bigint NOT NULL,
    user_id bigint NOT NULL,
    permission_id integer NOT NULL
);


ALTER TABLE public.userauths_user_user_permissions OWNER TO postgres;

--
-- Name: userauths_user_user_permissions_id_seq; Type: SEQUENCE; Schema: public; Owner: postgres
--

ALTER TABLE public.userauths_user_user_permissions ALTER COLUMN id ADD GENERATED BY DEFAULT AS IDENTITY (
    SEQUENCE NAME public.userauths_user_user_permissions_id_seq
    START WITH 1
    INCREMENT BY 1
    NO MINVALUE
    NO MAXVALUE
    CACHE 1
);


--
-- Name: users_address; Type: TABLE; Schema: public; Owner: postgres
--

CREATE TABLE public.users_address (
    id bigint NOT NULL,
    country character varying(100),
    city character varying(100),
    town_or_area character varying(200),
    address text,
    created_at timestamp with time zone NOT NULL,
    profile_id bigint NOT NULL,
    user_id bigint NOT NULL
);


ALTER TABLE public.users_address OWNER TO postgres;

--
-- Name: users_address_id_seq; Type: SEQUENCE; Schema: public; Owner: postgres
--

ALTER TABLE public.users_address ALTER COLUMN id ADD GENERATED BY DEFAULT AS IDENTITY (
    SEQUENCE NAME public.users_address_id_seq
    START WITH 1
    INCREMENT BY 1
    NO MINVALUE
    NO MAXVALUE
    CACHE 1
);


--
-- Name: users_licensedetail; Type: TABLE; Schema: public; Owner: postgres
--

CREATE TABLE public.users_licensedetail (
    id bigint NOT NULL,
    license_pic character varying(100),
    license_name character varying(100),
    expiry_date date,
    valid boolean NOT NULL,
    user_id bigint NOT NULL
);


ALTER TABLE public.users_licensedetail OWNER TO postgres;

--
-- Name: users_licensedetail_id_seq; Type: SEQUENCE; Schema: public; Owner: postgres
--

ALTER TABLE public.users_licensedetail ALTER COLUMN id ADD GENERATED BY DEFAULT AS IDENTITY (
    SEQUENCE NAME public.users_licensedetail_id_seq
    START WITH 1
    INCREMENT BY 1
    NO MINVALUE
    NO MAXVALUE
    CACHE 1
);


--
-- Name: users_notification; Type: TABLE; Schema: public; Owner: postgres
--

CREATE TABLE public.users_notification (
    id bigint NOT NULL,
    subject character varying(255),
    body text,
    created_at timestamp with time zone NOT NULL,
    user_id bigint NOT NULL,
    seen boolean NOT NULL
);


ALTER TABLE public.users_notification OWNER TO postgres;

--
-- Name: users_notification_id_seq; Type: SEQUENCE; Schema: public; Owner: postgres
--

ALTER TABLE public.users_notification ALTER COLUMN id ADD GENERATED BY DEFAULT AS IDENTITY (
    SEQUENCE NAME public.users_notification_id_seq
    START WITH 1
    INCREMENT BY 1
    NO MINVALUE
    NO MAXVALUE
    CACHE 1
);


--
-- Name: users_saved_car; Type: TABLE; Schema: public; Owner: postgres
--

CREATE TABLE public.users_saved_car (
    id bigint NOT NULL,
    car_id bigint NOT NULL,
    user_id bigint NOT NULL
);


ALTER TABLE public.users_saved_car OWNER TO postgres;

--
-- Name: users_saved_car_id_seq; Type: SEQUENCE; Schema: public; Owner: postgres
--

ALTER TABLE public.users_saved_car ALTER COLUMN id ADD GENERATED BY DEFAULT AS IDENTITY (
    SEQUENCE NAME public.users_saved_car_id_seq
    START WITH 1
    INCREMENT BY 1
    NO MINVALUE
    NO MAXVALUE
    CACHE 1
);


--
-- Name: users_userprofile; Type: TABLE; Schema: public; Owner: postgres
--

CREATE TABLE public.users_userprofile (
    id bigint NOT NULL,
    profile_pic character varying(100),
    created_at timestamp with time zone NOT NULL,
    user_id bigint NOT NULL,
    first_name character varying(100),
    last_name character varying(100),
    cnic character varying(100),
    contact character varying(100)
);


ALTER TABLE public.users_userprofile OWNER TO postgres;

--
-- Name: users_userprofile_id_seq; Type: SEQUENCE; Schema: public; Owner: postgres
--

ALTER TABLE public.users_userprofile ALTER COLUMN id ADD GENERATED BY DEFAULT AS IDENTITY (
    SEQUENCE NAME public.users_userprofile_id_seq
    START WITH 1
    INCREMENT BY 1
    NO MINVALUE
    NO MAXVALUE
    CACHE 1
);


--
-- Data for Name: account_emailaddress; Type: TABLE DATA; Schema: public; Owner: postgres
--

COPY public.account_emailaddress (id, email, verified, "primary", user_id) FROM stdin;
1	shaheer.mudassar13@gmail.com	t	t	2
2	shaheer.mudassar14@gmail.com	t	t	3
4	shaheer10@gmail.com	f	f	1
5	teambazarsquare@gmail.com	t	t	5
\.


--
-- Data for Name: account_emailconfirmation; Type: TABLE DATA; Schema: public; Owner: postgres
--

COPY public.account_emailconfirmation (id, created, sent, key, email_address_id) FROM stdin;
\.


--
-- Data for Name: auth_group; Type: TABLE DATA; Schema: public; Owner: postgres
--

COPY public.auth_group (id, name) FROM stdin;
\.


--
-- Data for Name: auth_group_permissions; Type: TABLE DATA; Schema: public; Owner: postgres
--

COPY public.auth_group_permissions (id, group_id, permission_id) FROM stdin;
\.


--
-- Data for Name: auth_permission; Type: TABLE DATA; Schema: public; Owner: postgres
--

COPY public.auth_permission (id, name, content_type_id, codename) FROM stdin;
1	Can add log entry	1	add_logentry
2	Can change log entry	1	change_logentry
3	Can delete log entry	1	delete_logentry
4	Can view log entry	1	view_logentry
5	Can add permission	2	add_permission
6	Can change permission	2	change_permission
7	Can delete permission	2	delete_permission
8	Can view permission	2	view_permission
9	Can add group	3	add_group
10	Can change group	3	change_group
11	Can delete group	3	delete_group
12	Can view group	3	view_group
13	Can add content type	4	add_contenttype
14	Can change content type	4	change_contenttype
15	Can delete content type	4	delete_contenttype
16	Can view content type	4	view_contenttype
17	Can add session	5	add_session
18	Can change session	5	change_session
19	Can delete session	5	delete_session
20	Can view session	5	view_session
21	Can add email address	6	add_emailaddress
22	Can change email address	6	change_emailaddress
23	Can delete email address	6	delete_emailaddress
24	Can view email address	6	view_emailaddress
25	Can add email confirmation	7	add_emailconfirmation
26	Can change email confirmation	7	change_emailconfirmation
27	Can delete email confirmation	7	delete_emailconfirmation
28	Can view email confirmation	7	view_emailconfirmation
29	Can add social account	8	add_socialaccount
30	Can change social account	8	change_socialaccount
31	Can delete social account	8	delete_socialaccount
32	Can view social account	8	view_socialaccount
33	Can add social application	9	add_socialapp
34	Can change social application	9	change_socialapp
35	Can delete social application	9	delete_socialapp
36	Can view social application	9	view_socialapp
37	Can add social application token	10	add_socialtoken
38	Can change social application token	10	change_socialtoken
39	Can delete social application token	10	delete_socialtoken
40	Can view social application token	10	view_socialtoken
41	Can add user	11	add_user
42	Can change user	11	change_user
43	Can delete user	11	delete_user
44	Can view user	11	view_user
45	Can add user profile	12	add_userprofile
46	Can change user profile	12	change_userprofile
47	Can delete user profile	12	delete_userprofile
48	Can view user profile	12	view_userprofile
49	Can add address	13	add_address
50	Can change address	13	change_address
51	Can delete address	13	delete_address
52	Can view address	13	view_address
53	Can add brand	14	add_brand
54	Can change brand	14	change_brand
55	Can delete brand	14	delete_brand
56	Can view brand	14	view_brand
57	Can add car	15	add_car
58	Can change car	15	change_car
59	Can delete car	15	delete_car
60	Can view car	15	view_car
61	Can add category	16	add_category
62	Can change category	16	change_category
63	Can delete category	16	delete_category
64	Can view category	16	view_category
65	Can add car images	17	add_carimages
66	Can change car images	17	change_carimages
67	Can delete car images	17	delete_carimages
68	Can view car images	17	view_carimages
69	Can add fuel_ type	18	add_fuel_type
70	Can change fuel_ type	18	change_fuel_type
71	Can delete fuel_ type	18	delete_fuel_type
72	Can view fuel_ type	18	view_fuel_type
73	Can add transmission	19	add_transmission
74	Can change transmission	19	change_transmission
75	Can delete transmission	19	delete_transmission
76	Can view transmission	19	view_transmission
77	Can add specification	20	add_specification
78	Can change specification	20	change_specification
79	Can delete specification	20	delete_specification
80	Can view specification	20	view_specification
81	Can add review	21	add_review
82	Can change review	21	change_review
83	Can delete review	21	delete_review
84	Can view review	21	view_review
85	Can add features	22	add_features
86	Can change features	22	change_features
87	Can delete features	22	delete_features
88	Can view features	22	view_features
89	Can add saved_ car	23	add_saved_car
90	Can change saved_ car	23	change_saved_car
91	Can delete saved_ car	23	delete_saved_car
92	Can view saved_ car	23	view_saved_car
93	Can add rent	24	add_rent
94	Can change rent	24	change_rent
95	Can delete rent	24	delete_rent
96	Can view rent	24	view_rent
97	Can add rented_ car	25	add_rented_car
98	Can change rented_ car	25	change_rented_car
99	Can delete rented_ car	25	delete_rented_car
100	Can view rented_ car	25	view_rented_car
101	Can add license detail	26	add_licensedetail
102	Can change license detail	26	change_licensedetail
103	Can delete license detail	26	delete_licensedetail
104	Can view license detail	26	view_licensedetail
105	Can add customization	27	add_customization
106	Can change customization	27	change_customization
107	Can delete customization	27	delete_customization
108	Can view customization	27	view_customization
109	Can add notification	28	add_notification
110	Can change notification	28	change_notification
111	Can delete notification	28	delete_notification
112	Can view notification	28	view_notification
113	Can add extended_ rent	29	add_extended_rent
114	Can change extended_ rent	29	change_extended_rent
115	Can delete extended_ rent	29	delete_extended_rent
116	Can view extended_ rent	29	view_extended_rent
\.


--
-- Data for Name: cars_brand; Type: TABLE DATA; Schema: public; Owner: postgres
--

COPY public.cars_brand (id, name, logo, description) FROM stdin;
1	Toyota	Brands/logo/Toyota_logo.jpg	Globally renowned for reliability, fuel efficiency, and longevity. Consistently tops the charts in terms of resale value and offers a diverse range of vehicles, from economical sedans to rugged SUVs.
2	Audi	Brands/logo/Audi_logo.jpg	German prestige brand known for luxury, cutting-edge technology, and refined driving dynamics. Renowned for quattro all-wheel drive and a focus on safety and performance. Often associated with sleek design and innovative features, but can be pricier than some competitors.
3	BMW	Brands/logo/BMW_logo.jpg	Ultimate Driving Machine, indeed! Renowned for exhilarating performance, sharp handling, and luxurious interiors. Strong emphasis on driver engagement and pushing the boundaries of technology. Often considered a sporty alternative to traditional luxury brands, but may compromise on rear-seat space in some models.
4	Honda	Brands/logo/Honda_logo.jpg	The reliable and practical choice! Known for consistently delivering fuel-efficient, safe, and affordable vehicles. Strong reputation for long-lasting engines and well-built cars. While not always the flashiest option, offers a wide range of vehicles across segments, from popular sedans like the Civic to adventurous SUVs like the CR-V.
5	Lamborghini	Brands/logo/Lamborghini_logo.jpg	The raging bull of the automotive world. Uncompromising Italian perfection, epitomized by breathtaking design, spine-tingling performance, and an unapologetically audacious spirit. Every Lamborghini is a head-turner, a symphony of speed and drama, handcrafted for connoisseurs of automotive adrenaline. Be prepared for envious stares, thunderous exhaust notes, and a driving experience unlike any other. Just remember, the price tag and fuel bills might be as fiery as the brand itself!
6	Mercedes Benz	Brands/logo/Mercedes_Logo.jpg	The iconic three-pointed star shines brightly in the luxury car galaxy. Renowned for unparalleled comfort, cutting-edge technology, and an unwavering dedication to safety. Offers a diverse range of vehicles, from elegant sedans like the S-Class to exhilarating AMG performance models. Prepare for spacious interiors, advanced driver assistance systems, and a brand synonymous with prestige and innovation. However, the premium price tag and potential maintenance costs might require a heftier wallet.
7	Rolls Royce	Brands/logo/Roll_Royce.jpg	Step onto the red carpet of the automotive world. The pinnacle of luxury, exceeding expectations with unparalleled craftsmanship, bespoke elegance, and unparalleled performance. Owning a Rolls-Royce isn't just about driving, it's about experiencing automotive artistry. Picture hand-stitched leather interiors, whisper-quiet engines, and a presence that demands respect on every road. Be prepared for individualized luxury tailored to your desires, stratospheric price tags, and a level of exclusivity reserved for the elite. But if owning a piece of automotive royalty is your dream, Rolls-Royce awaits.
8	Hyundai	Brands/logo/hyundai_logo.png	The value-driven champion! In recent years, Hyundai has transformed from a budget brand to a serious contender, offering stylish, feature-packed vehicles at competitive prices. Known for its generous warranties, impressive tech integration, and growing portfolio of eco-friendly options, Hyundai has become a popular choice for budget-conscious buyers seeking quality and innovation. While not always the top of the luxury ladder, Hyundai delivers excellent bang for your buck and continuously pushes the boundaries of design and technology.
9	Ford	Brands/logo/ford_logo.jpg	The Blue Oval represents a long and storied history in the automotive world. From the revolutionary assembly line days of the Model T to the powerful F-Series trucks and the ever-evolving Mustang, Ford has always been a pioneer in both technology and design. While some models might lack the luxury bells and whistles of some competitors, they make up for it with practicality, affordability, and a reputation for being dependable workhorses. Ford also offers a strong presence in the truck and SUV segments, catering to those who need muscle and functionality. So, if you're looking for a vehicle that's as American as apple pie, with a focus on value and dependability, Ford is definitely worth considering.
10	Nissan	Brands/logo/nissan_logo.jpg	The Japanese automaker known for its "daring to drive" spirit. They deliver value-packed, reliable cars across the spectrum, from zippy city compacts to rugged SUVs. Nissan shines in innovation, pioneering electric vehicles with the iconic Leaf and continuously pushing boundaries in tech and features. While some interiors might lack high-end luxury, they make up for it with spirited handling and practical options for every lifestyle. So, if you seek both excitement and a dependable ride, buckle up with Nissan!
\.


--
-- Data for Name: cars_car; Type: TABLE DATA; Schema: public; Owner: postgres
--

COPY public.cars_car (id, name, image, color, description, per_day_rent, created_at, brand_id, category_id, model, year_of_manufacture, no_of_times_rented, is_deleted, monthly_rent, weekly_rent, rented) FROM stdin;
2	Audi A3	Car/images/audi_a3_2023_1.jpg	Black	<h1>Breathtakingly fascinating.The Audi A3 Sedan.</h1>\r\n\r\n<p>The sedan redefined: The Audi A3 sedan combines Coup&eacute; character with elegant charm. The low, flowing roof conveys pure dynamics and with its muscular, taut surface, the sedan shows off its self-confidence. The powerful, flared mudguards with pronounced wheel arches frame the wheels, which are available in up to 19 inches. One highlight is the Audi virtual cockpit, now available in the compact class. Discover innovation - in many facets.<img alt="563x317_AA3_161016.jpg" src="https://www.audi.com.pk/content/dam/nemo/models/a3/a3-limousine/my-2017/563x317-editorial-teaser/563x317_AA3_161016.jpg?imwidth=563" style="height:317px; width:563px" /></p>	27999	2024-01-27 00:49:14.296+05	2	2	2023	2023	0	f	179999	79999	f
10	Toyota Mirai	Car/images/2021-toyota-mirai-102-1608066060.jpg	Red	<p>The 2022 Toyota Mirai is a hydrogen fuel cell electric vehicle (FCV) that offers a unique and futuristic driving experience. It is powered by a hydrogen fuel cell that generates electricity to power the electric motor, resulting in zero tailpipe emissions. The Mirai has a range of up to 402 miles on a single fill of hydrogen, which takes about 5 minutes.</p>\r\n\r\n<p><a href="https://www.caranddriver.com/toyota/mirai-2021" rel="noopener noreferrer" target="_blank"><img alt="Image of 2021 Toyota Mirai" src="https://encrypted-tbn0.gstatic.com/images?q=tbn:ANd9GcT87IfcUwwujV8D4a0ePOkDb652l4gOU-wBVTENtfd7aG8FypQumweYKqWqTfJH" /></a></p>	28999	2024-02-12 23:43:59.688869+05	1	2	2022	2022	0	f	149999	79999	f
4	Audi A5	Car/images/audi_A5_2024_1.jpg	Ice White	<p>Whether you choose the sleek lines of the Coupe or the versatility of the Sportback,&nbsp;the 2024 A5 delivers a thrilling driving experience and refined comfort.&nbsp;With its updated technology features and available all-wheel drive,&nbsp;it&#39;s ready for any adventure.</p>\r\n\r\n<p><a href="https://www.sewell.com/VehicleDetails/new-2024-Audi-A5_Sportback-S_line_Prestige_45_TFSI_quattro-HOUSTON-TX/5758406910" rel="noopener noreferrer" target="_blank"><img alt="Image of 2024 Audi A5 Sportback 45 TFSI in Mythos Black Metallic" src="https://encrypted-tbn1.gstatic.com/images?q=tbn:ANd9GcSq6tYr9mdfCnzjnGBNuDrAvH0fDVBDDcCXo93dOP3yd5KorO1COuHGmwy_r8w1" /></a></p>	30999	2024-02-12 12:06:25.574279+05	2	2	2024	2024	0	f	209999	84999	f
9	Toyota GR Supra	Car/images/2020-toyota-gr-supra-premium-wrap-108-1642089834.jpg	Crystal Blue	<p>The 2020 Toyota GR Supra Premium is a high-performance sports car that revives the legendary Supra nameplate. It is powered by a 3.0-liter turbocharged inline-6 engine that produces 335 horsepower and 365 lb-ft of torque. The GR Supra comes standard with an 8-speed automatic transmission and rear-wheel drive. A 6-speed manual transmission is available as an option.</p>\r\n\r\n<p><a href="https://www.kbb.com/toyota/gr-supra/2020/30-premium-coupe-2d/" rel="noopener noreferrer" target="_blank"><img alt="Image of 2020 Toyota GR Supra Premium" src="https://encrypted-tbn1.gstatic.com/images?q=tbn:ANd9GcQLRlINLcYua0kx_jJkQa0M15RP3iWrh_A_7BrmZbP1QyVL3Ry98lBPEzGUuH4Q" /></a></p>	32999	2024-02-12 23:34:39.12906+05	1	5	2021	2021	0	f	209999	77999	f
7	Mercedes-AMG GT S	Car/images/1.jpg	Rich Yellow	<p>The 2020 Mercedes-AMG GT S is a high-performance, two-door, two-seater sports car that was first introduced in 2015. It is the successor to the Mercedes-Benz SLS AMG and was the second car to be fully developed by Mercedes-AMG, following the Mercedes-AMG GLA.</p>\r\n\r\n<p>Here&#39;s a summary of the key features of the 2020 Mercedes-AMG GT S:</p>\r\n\r\n<p><a href="https://www.caranddriver.com/reviews/a15107746/2016-mercedes-amg-gt-s-first-drive-review/" rel="noopener noreferrer" target="_blank"><img alt="Image of 2016 MercedesAMG GT S" src="https://encrypted-tbn2.gstatic.com/images?q=tbn:ANd9GcRhaiDleHaL-4PmO4LZVcNtUqp7wheI4Ys4pCy6Z5DfwK1-VX4LdJMXYDoRAFYX" /></a></p>	130999	2024-02-12 23:17:55.087728+05	6	5	2020	2020	0	f	1099999	409999	f
8	Mercedes-Maybach S-Class	Car/images/2017-Mercedes-Maybach-S550-112.jpg	Black	<p>The 2017 Mercedes-Maybach S-Class is the epitome of luxury and performance.&nbsp;It is a spacious and comfortable sedan with a powerful engine and a host of high-tech features.</p>	25999	2024-02-12 23:27:21.581738+05	6	2	2020	2020	0	f	169999	75999	f
5	Audi A6	Car/images/Audi_A6_2024_1.jpg	Grey	<p>The 2024 A6 delivers a seamless blend of comfort,&nbsp;power,&nbsp;and technology.&nbsp;With its updated infotainment system,&nbsp;refined interior touches,&nbsp;and optional plug-in hybrid powertrain,&nbsp;it caters to modern driving needs.</p>\r\n\r\n<p style="text-align:center"><a href="https://www.fletcherjones.com/inventory/new-2024-audi-a6-sedan-premium-45-tfsi-quattro-all-wheel-drive-sedan-waud3bf22rn014508/" rel="noopener noreferrer" target="_blank"><img alt="Image of 2024 Audi A6 Sedan 45 TFSI in Chronos Grey Metallic" src="https://encrypted-tbn2.gstatic.com/images?q=tbn:ANd9GcSJtHtDlOwHuiqTi6Rp6KZcoH9ZqNyN4dgkRoQgy9gHvGNhBQPRM6xG7pagOMxY" /></a></p>	31999	2024-02-12 12:15:17.024402+05	2	2	2024	2024	0	f	219999	89999	f
3	Audi A4	Car/images/audi_A4_2023_1.jpg	Black	<p>This is the description</p>	29999	2024-02-12 11:47:53.9124+05	2	2	2024	2024	0	f	199999	81999	f
14	Mercedes-AMG Roadster	Car/images/2023-mercedes-amg-sl-43-roadster-474-659d747ff1871.jpg	Crystal Blue	<p>The 2023 Mercedes-AMG SL43 Roadster is the entry-level model in the new generation of the iconic SL-Class. It offers a unique blend of luxury, performance, and open-air driving thrills. It is powered by a hand-built 2.0-liter turbocharged inline-4 engine with mild-hybrid assist, producing 381 horsepower and 354 lb-ft of torque. The SL43 comes standard with a 9-speed AMG SPEEDSHIFT&reg; MCT automatic transmission and rear-wheel drive.</p>\r\n\r\n<p><a href="https://www.motor1.com/news/578120/mercedes-amg-sl43-debuts-turbo-four-f1/" rel="noopener noreferrer" target="_blank"><img alt="Image of 2023 MercedesAMG SL43 Roadster" src="https://encrypted-tbn1.gstatic.com/images?q=tbn:ANd9GcQ6BSVBSMjmXcHdP-KLaa5AiUzAUHrxJwbKunRoNQZaEvBdXLny3oRRxW5DYuXc" /></a></p>	71999	2024-02-13 00:09:43.539936+05	6	5	2023	2023	0	f	419999	189999	f
13	Honda Accord Hybrid	Car/images/2023-honda-accord-hybrid-touring-lt-intro-529-654292a91f39d.jpg	Chrome Black	<p>The 2023 Honda Accord Touring Hybrid is the top-of-the-line trim for the Accord Hybrid lineup. It offers a combination of performance, fuel efficiency, and luxury features. It is powered by a 2.0-liter Atkinson-cycle four-cylinder engine combined with two electric motors for a combined output of 204 horsepower and 247 lb-ft of torque. The Accord Touring Hybrid comes standard with a continuously variable transmission (CVT) and front-wheel drive.</p>\r\n\r\n<p><a href="https://www.cnet.com/roadshow/news/2023-honda-accord-hybrid-first-drive-review-sleek-sedan-with-google-smarts/" rel="noopener noreferrer" target="_blank"><img alt="Image of 2023 Honda Accord Touring Hybrid" src="https://encrypted-tbn1.gstatic.com/images?q=tbn:ANd9GcTE_5txDMxizD2hg8_2bnMsv3oHxEovMnfZvkhMSCpbLOzW2PdJIggWzqFDk3ql" /></a></p>	19999	2024-02-13 00:02:37.760041+05	4	4	2023	2023	0	f	269999	89999	f
12	Toyota Corolla Cross XLE	Car/images/2022-toyota-corolla-cross-230-1639018375.jpg	Ice White	<p>The 2022 Toyota Corolla Cross XLE AWD is a subcompact SUV that offers a good balance of fuel efficiency, cargo space, and passenger comfort. It is powered by a 2.0-liter four-cylinder engine that produces 169 horsepower and 151 lb-ft of torque. The Corolla Cross XLE AWD comes standard with a continuously variable transmission (CVT) and all-wheel drive.</p>\r\n\r\n<p><a href="https://www.hagerty.com/media/new-car-reviews/review-2022-toyota-corolla-cross-xle-awd/" rel="noopener noreferrer" target="_blank"><img alt="Image of 2022 Toyota Corolla Cross XLE AWD" src="https://encrypted-tbn2.gstatic.com/images?q=tbn:ANd9GcTri5Nsw0OiLmJn731LUqGWzH_JoxmnPmnVuuQSfceyW5mP-8IxgsoyqmGuWuaS" /></a></p>	52999	2024-02-12 23:56:11.710684+05	1	1	2022	2022	0	f	999999	219999	f
15	Toyota bZ4X	Car/images/2023-toyota-bz4x-limited-awd-105-1651597886.jpg	Silver	<p>The 2023 Toyota bZ4X Limited AWD is the top-of-the-line trim for the bZ4X electric SUV. It offers a spacious and comfortable interior, good performance, and a long range of up to 242 miles on a single charge. The AWD system provides improved traction and handling in all weather conditions.</p>\r\n\r\n<p><a href="https://www.edmunds.com/toyota/bz4x/" rel="noopener noreferrer" target="_blank"><img alt="Image of 2023 Toyota bZ4X Limited AWD" src="https://encrypted-tbn0.gstatic.com/images?q=tbn:ANd9GcRx8DuQT1MQmUPkRm1C9_-yt81VgW2H7RFvogIsVe-rSPdVMEvoyvHei1IWean6" /></a></p>	78999	2024-02-13 00:16:13.461243+05	1	1	2023	2023	0	f	529999	189999	f
11	Honda Civic Sports	Car/images/2022-honda-civic-sport-376-1648742555.jpg	Silver	<p>The 2023 Honda Civic Sport is a sporty and stylish compact car that offers a fun driving experience, a comfortable interior, and a good fuel economy. It is powered by a 2.0-liter 4-cylinder engine that produces 158 horsepower and 138 lb-ft of torque. The Civic Sport comes standard with a continuously variable transmission (CVT) and front-wheel drive.</p>\r\n\r\n<p><a href="https://www.caranddriver.com/honda/civic-2023" rel="noopener noreferrer" target="_blank"><img alt="Image of 2023 Honda Civic Sport" src="https://encrypted-tbn0.gstatic.com/images?q=tbn:ANd9GcSLxCiea0rDRHhKyZ4QEfGK9s0sgUngnNYQAesyHqrz2_dHFT4eF3UWEz_iiA5g" /></a></p>	20999	2024-02-12 23:48:51.841818+05	4	2	2023	2023	0	f	189999	68999	f
6	Audi E-Tron GT	Car/images/Audi_E-Tron_GT_2024_1.jpg	Ice Blue	<p>The 2022 e-tron GT marked Audi&#39;s entry into the high-performance electric car segment. It boasts a sleek design, exhilarating performance, and a luxurious interior.</p>\r\n\r\n<p style="text-align:center"><img alt="" src="/media/uploads/contents/2024/02/12/audi-e-tron-gt-2024-3.jpg" style="height:200px; width:300px" /></p>	69999	2024-02-12 13:54:53.748459+05	2	2	2022	2022	0	f	689999	279999	f
1	Audi A7	Car/images/audi_a7_2023_1.jpg	Black	<p>The 2023 Audi A7 is a blend of sleek sedan comfort and practical hatchback versatility. Its elegant design, powerful engine options, and cutting-edge technology make it a head-turner on the road and a joy to drive.</p>\r\n\r\n<p><a href="https://www.fletcherjones.com/inventory/new-2023-audi-a5-sportback-s-line-prestige-45-tfsi-quattro-all-wheel-drive-sedan-waueacf57pa058695/" rel="noopener noreferrer" target="_blank"><img alt="Image of 2023 Audi A7 Sportback 45 TFSI quattro in Glacier White Metallic" src="https://encrypted-tbn0.gstatic.com/images?q=tbn:ANd9GcSUCtwHjMZKGAXxwMbQgFAsva6ENRQf5eXHr4UICDw8byY9hAHelgHpXKJEpjdo" />Opens in a new window</a></p>\r\n\r\n<p>chevron_right</p>\r\n\r\n<p><a href="https://www.fletcherjones.com/inventory/new-2023-audi-a5-sportback-s-line-prestige-45-tfsi-quattro-all-wheel-drive-sedan-waueacf57pa058695/" rel="noopener noreferrer" target="_blank"><img alt="" src="https://encrypted-tbn1.gstatic.com/favicon-tbn?q=tbn:ANd9GcR5ioOnea8cMbw1EsylcpxAEbZWdkCcUO97socnkLsXhgxt7ttroctVQRT6P5xeI3tPFztI3-yihRQj3QeUjpVSkmsSvP-hmdy0QdEpn6ii" />www.fletcherjones.com</a></p>\r\n\r\n<p>2023 Audi A7 Sportback 45 TFSI quattro in Glacier White Metallic</p>	32999	2024-01-27 00:43:17.477+05	2	2	2023	2023	0	f	199999	99999	t
\.


--
-- Data for Name: cars_carimages; Type: TABLE DATA; Schema: public; Owner: postgres
--

COPY public.cars_carimages (id, image, added_at, car_id) FROM stdin;
1	Car/All_Images/{{car.name}}_{{car.id}}/audi_a7_2023_2.jpg	2024-01-27 00:43:17.477+05	1
2	Car/All_Images/{{car.name}}_{{car.id}}/audi_a7_2023_3.jpg	2024-01-27 00:43:17.493+05	1
3	Car/All_Images/{{car.name}}_{{car.id}}/audi_a7_2023_4.jpg	2024-01-27 00:43:17.494+05	1
4	Car/All_Images/{{car.name}}_{{car.id}}/audi_a7_2023_5.jpg	2024-01-27 00:43:17.494+05	1
5	Car/All_Images/{{car.name}}_{{car.id}}/audi_a3_2023_2.jpg	2024-01-27 00:49:14.305+05	2
6	Car/All_Images/{{car.name}}_{{car.id}}/audi_a3_2023_3.jpg	2024-01-27 00:49:14.313+05	2
7	Car/All_Images/{{car.name}}_{{car.id}}/audi_a3_2023_4.jpg	2024-01-27 00:49:14.317+05	2
8	Car/All_Images/{{car.name}}_{{car.id}}/audi_a3_2023_5.jpg	2024-01-27 00:49:14.33+05	2
9	Car/All_Images/{{car.name}}_{{car.id}}/audi_A4_2023_2.jpg	2024-02-12 11:47:53.947367+05	3
10	Car/All_Images/{{car.name}}_{{car.id}}/audi_A4_2023_3.jpg	2024-02-12 11:47:53.956081+05	3
11	Car/All_Images/{{car.name}}_{{car.id}}/audi_A4_2023_4.jpg	2024-02-12 11:47:53.959079+05	3
12	Car/All_Images/{{car.name}}_{{car.id}}/audi_A4_2023_5.jpg	2024-02-12 11:47:53.963576+05	3
13	Car/All_Images/{{car.name}}_{{car.id}}/audi_A5_2024_2.jpg	2024-02-12 12:06:25.589094+05	4
14	Car/All_Images/{{car.name}}_{{car.id}}/audi_A5_2024_3.jpg	2024-02-12 12:06:25.589094+05	4
15	Car/All_Images/{{car.name}}_{{car.id}}/audi_A5_2024_4.jpg	2024-02-12 12:06:25.589094+05	4
16	Car/All_Images/{{car.name}}_{{car.id}}/audi_A5_2024_5.jpg	2024-02-12 12:06:25.589094+05	4
17	Car/All_Images/{{car.name}}_{{car.id}}/Audi_A6_2024_2.jpg	2024-02-12 12:15:17.041011+05	5
18	Car/All_Images/{{car.name}}_{{car.id}}/Audi_A6_2024_3.jpg	2024-02-12 12:15:17.041011+05	5
19	Car/All_Images/{{car.name}}_{{car.id}}/Audi_A6_2024_4.jpg	2024-02-12 12:15:17.056469+05	5
20	Car/All_Images/{{car.name}}_{{car.id}}/Audi_A6_2024_5.jpg	2024-02-12 12:15:17.056469+05	5
21	Car/All_Images/{{car.name}}_{{car.id}}/Audi_E-Tron_GT_2024_2.jpg	2024-02-12 13:54:53.767129+05	6
22	Car/All_Images/{{car.name}}_{{car.id}}/Audi_E-Tron_GT_2024_3.jpg	2024-02-12 13:54:53.772126+05	6
23	Car/All_Images/{{car.name}}_{{car.id}}/Audi_E-Tron_GT_2024_4.jpg	2024-02-12 13:54:53.775124+05	6
24	Car/All_Images/{{car.name}}_{{car.id}}/Audi_E-Tron_GT_2024_5.jpg	2024-02-12 13:54:53.778122+05	6
25	Car/All_Images/{{self.car.name}}_{{self.model}}_{{self.car.id}}/2016-mercedes-amg-gt-s-p_RdDbSdD.jpg	2024-02-12 23:17:55.116375+05	7
26	Car/All_Images/{{self.car.name}}_{{self.model}}_{{self.car.id}}/2016-mercedes-amg-gt-s-p_TuAwewR.jpg	2024-02-12 23:17:55.119763+05	7
27	Car/All_Images/{{self.car.name}}_{{self.model}}_{{self.car.id}}/2016-mercedes-amg-gt-s-p_eSYdTtH.jpg	2024-02-12 23:17:55.119763+05	7
28	Car/All_Images/{{self.car.name}}_{{self.model}}_{{self.car.id}}/2016-mercedes-amg-gt-s-i_W8yhaa7.jpg	2024-02-12 23:17:55.119763+05	7
29	Car/All_Images/{{self.car.name}}_{{self.model}}_{{self.car.id}}/2017-Mercedes-Maybach-S550-104.jpg	2024-02-12 23:27:21.597784+05	8
30	Car/All_Images/{{self.car.name}}_{{self.model}}_{{self.car.id}}/2017-Mercedes-Maybach-S550-110.jpg	2024-02-12 23:27:21.597784+05	8
31	Car/All_Images/{{self.car.name}}_{{self.model}}_{{self.car.id}}/2017-Mercedes-Maybach-S550-115.jpg	2024-02-12 23:27:21.597784+05	8
32	Car/All_Images/{{self.car.name}}_{{self.model}}_{{self.car.id}}/2017-Mercedes-Maybach-S550-122.jpg	2024-02-12 23:27:21.614354+05	8
33	Car/All_Images/{{self.car.name}}_{{self.model}}_{{self.car.id}}/2020-toyota-supra-lt-116_Gt70pfu.jpg	2024-02-12 23:34:39.142956+05	9
34	Car/All_Images/{{self.car.name}}_{{self.model}}_{{self.car.id}}/2020-toyota-gr-supra-pre_7h1uBV6.jpg	2024-02-12 23:34:39.144831+05	9
35	Car/All_Images/{{self.car.name}}_{{self.model}}_{{self.car.id}}/2020-toyota-gr-supra-pre_EiDRUTo.jpg	2024-02-12 23:34:39.144831+05	9
36	Car/All_Images/{{self.car.name}}_{{self.model}}_{{self.car.id}}/2020-toyota-gr-supra-pre_4Tl424M.jpg	2024-02-12 23:34:39.144831+05	9
37	Car/All_Images/{{self.car.name}}_{{self.model}}_{{self.car.id}}/2021-toyota-mirai-101-1608066060.jpg	2024-02-12 23:43:59.704685+05	10
38	Car/All_Images/{{self.car.name}}_{{self.model}}_{{self.car.id}}/2021-toyota-mirai-103-1608066060.jpg	2024-02-12 23:43:59.704685+05	10
39	Car/All_Images/{{self.car.name}}_{{self.model}}_{{self.car.id}}/2021-toyota-mirai-104-1608066060.jpg	2024-02-12 23:43:59.704685+05	10
40	Car/All_Images/{{self.car.name}}_{{self.model}}_{{self.car.id}}/2021-toyota-mirai-105-1608066060.jpg	2024-02-12 23:43:59.721117+05	10
41	Car/All_Images/{{self.car.name}}_{{self.model}}_{{self.car.id}}/2022-honda-civic-sport-3_GWaDYUQ.jpg	2024-02-12 23:48:51.85757+05	11
42	Car/All_Images/{{self.car.name}}_{{self.model}}_{{self.car.id}}/2022-honda-civic-sport-3_QYZeN4N.jpg	2024-02-12 23:48:51.85757+05	11
43	Car/All_Images/{{self.car.name}}_{{self.model}}_{{self.car.id}}/2022-honda-civic-sport-1_uw3kPN8.jpg	2024-02-12 23:48:51.85757+05	11
44	Car/All_Images/{{self.car.name}}_{{self.model}}_{{self.car.id}}/2022-honda-civic-sport-6_A6OJ2NA.jpg	2024-02-12 23:48:51.873888+05	11
45	Car/All_Images/{{self.car.name}}_{{self.model}}_{{self.car.id}}/2022-toyota-corolla-cros_wW5fWCo.jpg	2024-02-12 23:56:11.720121+05	12
46	Car/All_Images/{{self.car.name}}_{{self.model}}_{{self.car.id}}/2022-toyota-corolla-cros_ZDOZuZU.jpg	2024-02-12 23:56:11.720121+05	12
47	Car/All_Images/{{self.car.name}}_{{self.model}}_{{self.car.id}}/2022-toyota-corolla-cros_o3QaThu.jpg	2024-02-12 23:56:11.720121+05	12
48	Car/All_Images/{{self.car.name}}_{{self.model}}_{{self.car.id}}/2022-toyota-corolla-cros_XRs2x0J.jpg	2024-02-12 23:56:11.720121+05	12
49	Car/All_Images/{{self.car.name}}_{{self.model}}_{{self.car.id}}/2023-honda-accord-hybrid_XsiUotq.jpg	2024-02-13 00:02:37.775403+05	13
50	Car/All_Images/{{self.car.name}}_{{self.model}}_{{self.car.id}}/2023-honda-accord-hybrid_5tiSVOe.jpg	2024-02-13 00:02:37.775403+05	13
51	Car/All_Images/{{self.car.name}}_{{self.model}}_{{self.car.id}}/2023-honda-accord-hybrid_WX20B2B.jpg	2024-02-13 00:02:37.792199+05	13
52	Car/All_Images/{{self.car.name}}_{{self.model}}_{{self.car.id}}/2023-honda-accord-hybrid_7F3iFlj.jpg	2024-02-13 00:02:37.792199+05	13
53	Car/All_Images/{{self.car.name}}_{{self.model}}_{{self.car.id}}/2023-mercedes-amg-sl-43-_QDKh1DI.jpg	2024-02-13 00:09:43.561775+05	14
54	Car/All_Images/{{self.car.name}}_{{self.model}}_{{self.car.id}}/2023-mercedes-amg-sl-43-_B91LhRi.jpg	2024-02-13 00:09:43.566799+05	14
55	Car/All_Images/{{self.car.name}}_{{self.model}}_{{self.car.id}}/2023-mercedes-amg-sl-43-_pRkjC27.jpg	2024-02-13 00:09:43.570795+05	14
56	Car/All_Images/{{self.car.name}}_{{self.model}}_{{self.car.id}}/2023-mercedes-amg-sl-43-_NNx5i7w.jpg	2024-02-13 00:09:43.573944+05	14
57	Car/All_Images/{{self.car.name}}_{{self.model}}_{{self.car.id}}/2023-toyota-bz4x-limited_yLa2jH5.jpg	2024-02-13 00:16:13.477903+05	15
58	Car/All_Images/{{self.car.name}}_{{self.model}}_{{self.car.id}}/2023-toyota-bz4x-limited_0Pcr7lY.jpg	2024-02-13 00:16:13.477903+05	15
59	Car/All_Images/{{self.car.name}}_{{self.model}}_{{self.car.id}}/2023-toyota-bz4x-limited_pQZnfgA.jpg	2024-02-13 00:16:13.494774+05	15
60	Car/All_Images/{{self.car.name}}_{{self.model}}_{{self.car.id}}/2023-toyota-bz4x-limited_6oStD26.jpg	2024-02-13 00:16:13.494774+05	15
\.


--
-- Data for Name: cars_category; Type: TABLE DATA; Schema: public; Owner: postgres
--

COPY public.cars_category (id, name, logo, description) FROM stdin;
1	SUV	Categories/logo/SUV.jpg	More than just size, they're versatile explorers. Pack adventures into spacious cabins, conquer traffic with elevated views, and choose your thrill - city streets or dusty trails. Whether family trips or solo getaways, find your perfect fit and hit the road with style and confidence.
2	Sedan	Categories/logo/Sedan.jpg	Sleek lines hug the pavement, engines purr, and the road unfolds ahead. Sedans - your refined companions for daily journeys. Navigate cityscapes with effortless agility, or carve through country roads with confident handling. Spacious enough for the essentials, fuel-efficient for the budget, and tech-savvy for the connected driver. Whether it's the office commute or a weekend getaway, sedans offer style, efficiency, and a touch of escape, all wrapped in a comfortable cabin. Find your perfect fit and hit the road in effortless elegance.
3	Hatchback	Categories/logo/hatchback.jpg	Your nimble city companions, packing practicality and fun in equal measure. Zip through traffic with ease, fold down the seats for weekend projects, and fuel your adventures with eco-friendly engines. Tech-savvy and stylish, these versatile all-rounders offer space when you need it, sleekness when you don't. Whether it's the daily commute or a spontaneous getaway, find your perfect fit and hit the road with confidence and a touch of urban chic.
4	Hybrid	Categories/logo/Hybrid.jpg	Walk softly, but carry a big electric punch. These eco-warriors sip fuel while unleashing surprising bursts of power. Navigate city streets whisper-quietly, conquer the open road with combined gas-electric might, and watch your wallet smile at the pump. Hybrids offer smart tech seamlessly blending fuel sources, all while feeling good about a kinder ride for the planet. Fuel efficiency, hidden thrills, and a green statement - all wrapped in one. Find your hybrid and hit the road with a conscience and a smile.
5	Coupe	Categories/logo/Coupe.jpg	Sculpted silhouettes whispering "performance." Two-door dances with the wind, hugging the road, turning heads wherever they go. Slip into the driver's seat, a cockpit built for pure pleasure, feel the engine purr its promise of thrills. Coupes offer head-turning style, driver-focused bliss, and a hidden beast waiting to be unleashed. From city streets to open highways, they're a statement on wheels, a blend of elegance and adrenaline just waiting for your command. Find your perfect coupe and hit the road, ready to turn heads and feel the rush of freedom.
\.


--
-- Data for Name: cars_features; Type: TABLE DATA; Schema: public; Owner: postgres
--

COPY public.cars_features (id, "Air_Conditioner", "Digital_Odometer", "Heater", "Leather_Seats", "Panoramic_Moonroof", "Tachometer", "Touchscreen_Display", "Antilock_Braking", "Brake_Assist", "Child_Safety_Locks", "Driver_Air_Bag", "Power_Door_Locks", "Stability_Control", "Traction_Control", "Fog_Lights_Front", "Rain_Sensing_Wiper", "Rear_Spoiler", "Windows_Electric", "Android_Auto", "Bluetooth", "HomeLink", "Power_Steering", car_id) FROM stdin;
1	t	t	t	t	t	t	t	t	t	t	t	t	t	t	t	t	t	t	t	t	f	t	1
2	t	t	t	f	f	t	t	t	t	t	t	t	t	t	t	t	t	t	t	t	f	t	2
3	t	t	t	t	t	t	t	t	t	t	t	t	t	t	t	f	t	t	t	t	f	t	3
4	t	t	t	t	t	t	t	t	t	t	t	t	t	t	t	f	t	t	t	t	f	t	4
5	t	t	t	t	t	t	t	t	t	t	t	f	t	t	t	t	t	t	t	t	f	t	6
6	t	t	t	t	t	t	t	t	t	t	t	t	t	t	t	f	t	t	t	t	f	t	5
7	t	t	t	t	t	f	f	t	t	t	t	t	t	f	t	f	t	t	f	t	f	t	7
8	t	t	t	t	t	t	t	t	t	t	t	t	t	t	t	t	t	t	f	t	f	t	8
9	t	t	t	t	f	t	t	t	t	t	t	t	t	t	t	t	t	t	t	t	f	t	9
10	t	t	t	t	t	t	t	t	t	t	t	t	t	t	t	t	t	t	t	t	f	t	10
11	t	t	t	t	f	t	t	t	t	t	t	t	t	t	t	f	t	t	t	t	f	t	11
12	t	t	t	t	f	t	t	t	t	t	t	t	t	t	t	t	t	t	t	t	f	t	12
13	t	t	t	t	t	t	t	t	t	t	t	t	t	t	t	t	t	t	t	t	f	t	13
14	t	t	t	t	t	t	t	t	t	t	t	t	t	t	t	t	t	t	t	t	f	t	14
15	t	t	t	t	f	t	t	t	t	t	t	t	t	t	t	t	t	t	t	t	f	t	15
\.


--
-- Data for Name: cars_fuel_type; Type: TABLE DATA; Schema: public; Owner: postgres
--

COPY public.cars_fuel_type (id, name) FROM stdin;
1	Petrol
2	Diesel
3	Electric
\.


--
-- Data for Name: cars_review; Type: TABLE DATA; Schema: public; Owner: postgres
--

COPY public.cars_review (id, rating, review, car_id, user_id, image) FROM stdin;
1	4	Good Car	5	2	
2	2	bad	5	3	
4	5	Good Car	7	3	
5	5	My Favorite Car	1	2	
\.


--
-- Data for Name: cars_specification; Type: TABLE DATA; Schema: public; Owner: postgres
--

COPY public.cars_specification (id, engine_size, seats, condition, car_id, fuel_type_id, transmission_id, max_speed_in_km_per_h) FROM stdin;
1	3.00	5	10.00	1	1	2	250
10	2.00	5	8.00	10	1	2	215
12	2.00	5	9.50	12	1	2	180
13	2.00	5	10.00	13	1	2	185
14	2.00	2	10.00	14	1	2	275
15	0.00	6	10.00	15	3	2	164
7	4.00	2	7.95	7	1	2	310
11	2.00	5	9.95	11	1	2	222
5	3.90	4	8.95	6	3	2	250
8	4.70	5	7.95	8	1	2	250
6	2.00	5	8.85	5	1	2	240
3	2.00	5	9.95	3	1	2	224
2	2.00	5	9.95	2	1	2	250
9	3.00	2	7.95	9	1	1	250
4	2.00	5	9.45	4	1	2	210
\.


--
-- Data for Name: cars_transmission; Type: TABLE DATA; Schema: public; Owner: postgres
--

COPY public.cars_transmission (id, name) FROM stdin;
1	Manual
2	Automatic
\.


--
-- Data for Name: core_customization; Type: TABLE DATA; Schema: public; Owner: postgres
--

COPY public.core_customization (id, title, listing_image_desktop, listing_image_mobile, main_large_heading, main_screen_image_desktop, main_screen_image_mobile, main_small_heading) FROM stdin;
6	Customizations	Images/Listing_Images_desktop/listing-main-image.jpg	Images/Listing_Images_mobile/listing-main-image.jpg	Rent Your Dream Car	Images/Main_Images_Desktop/car-4k-background.jpg	Images/Main_Images_Mobile/main_slider_mobile.jpg	Find Cars For Rent Near You
\.


--
-- Data for Name: django_admin_log; Type: TABLE DATA; Schema: public; Owner: postgres
--

COPY public.django_admin_log (id, action_time, object_id, object_repr, action_flag, change_message, content_type_id, user_id) FROM stdin;
1	2024-02-10 15:32:57.902564+05	1	shaheer10	1	[{"added": {}}]	23	1
2	2024-02-10 16:11:12.027547+05	2	shaheer10	1	[{"added": {}}]	23	1
3	2024-02-10 16:22:42.385858+05	2	shaheer10	3		23	1
4	2024-02-10 16:22:42.400402+05	1	shaheer10	3		23	1
5	2024-02-10 16:27:04.870222+05	3	shaheer10	1	[{"added": {}}]	23	1
38	2024-02-11 23:07:16.259399+05	1	Google	1	[{"added": {}}]	9	1
39	2024-02-12 00:12:10.698888+05	2	shaheer	2	[{"changed": {"fields": ["Superuser status"]}}]	11	1
40	2024-02-12 11:47:53.985836+05	3	Audi A4	1	[{"added": {}}, {"added": {"name": "car images", "object": "CarImages object (9)"}}, {"added": {"name": "car images", "object": "CarImages object (10)"}}, {"added": {"name": "car images", "object": "CarImages object (11)"}}, {"added": {"name": "car images", "object": "CarImages object (12)"}}, {"added": {"name": "specification", "object": "Audi A4"}}, {"added": {"name": "features", "object": "Audi A4"}}]	15	1
41	2024-02-12 12:06:25.61056+05	4	Audi A5	1	[{"added": {}}, {"added": {"name": "car images", "object": "CarImages object (13)"}}, {"added": {"name": "car images", "object": "CarImages object (14)"}}, {"added": {"name": "car images", "object": "CarImages object (15)"}}, {"added": {"name": "car images", "object": "CarImages object (16)"}}, {"added": {"name": "specification", "object": "Audi A5"}}, {"added": {"name": "features", "object": "Audi A5"}}]	15	1
42	2024-02-12 12:15:17.056469+05	5	Audi A6	1	[{"added": {}}, {"added": {"name": "car images", "object": "CarImages object (17)"}}, {"added": {"name": "car images", "object": "CarImages object (18)"}}, {"added": {"name": "car images", "object": "CarImages object (19)"}}, {"added": {"name": "car images", "object": "CarImages object (20)"}}]	15	1
43	2024-02-12 13:54:53.781193+05	6	Audi E-Tron GT	1	[{"added": {}}, {"added": {"name": "car images", "object": "CarImages object (21)"}}, {"added": {"name": "car images", "object": "CarImages object (22)"}}, {"added": {"name": "car images", "object": "CarImages object (23)"}}, {"added": {"name": "car images", "object": "CarImages object (24)"}}]	15	1
44	2024-02-12 13:59:04.97561+05	6	Audi E-Tron GT	2	[{"added": {"name": "specification", "object": "Audi E-Tron GT"}}, {"added": {"name": "features", "object": "Audi E-Tron GT"}}]	15	1
45	2024-02-12 20:38:40.62269+05	5	Audi A6	2	[{"added": {"name": "specification", "object": "Audi A6"}}, {"added": {"name": "features", "object": "Audi A6"}}]	15	1
46	2024-02-12 20:39:13.871845+05	5	Audi A6	2	[]	15	1
47	2024-02-12 20:42:34.885959+05	5	Audi A6	2	[{"changed": {"name": "features", "object": "Audi A6", "fields": ["Air Conditioner"]}}]	15	1
48	2024-02-12 20:43:29.379877+05	5	Audi A6	2	[{"changed": {"name": "features", "object": "Audi A6", "fields": ["Air Conditioner"]}}]	15	1
49	2024-02-12 23:17:55.143158+05	7	Mercedes-AMG GT S	1	[{"added": {}}, {"added": {"name": "car images", "object": "CarImages object (25)"}}, {"added": {"name": "car images", "object": "CarImages object (26)"}}, {"added": {"name": "car images", "object": "CarImages object (27)"}}, {"added": {"name": "car images", "object": "CarImages object (28)"}}, {"added": {"name": "specification", "object": "Mercedes-AMG GT S"}}, {"added": {"name": "features", "object": "Mercedes-AMG GT S"}}]	15	1
50	2024-02-12 23:27:21.614354+05	8	Mercedes-Maybach S-Class	1	[{"added": {}}, {"added": {"name": "car images", "object": "CarImages object (29)"}}, {"added": {"name": "car images", "object": "CarImages object (30)"}}, {"added": {"name": "car images", "object": "CarImages object (31)"}}, {"added": {"name": "car images", "object": "CarImages object (32)"}}, {"added": {"name": "specification", "object": "Mercedes-Maybach S-Class"}}, {"added": {"name": "features", "object": "Mercedes-Maybach S-Class"}}]	15	1
51	2024-02-12 23:34:39.161016+05	9	Toyota GR Supra	1	[{"added": {}}, {"added": {"name": "car images", "object": "CarImages object (33)"}}, {"added": {"name": "car images", "object": "CarImages object (34)"}}, {"added": {"name": "car images", "object": "CarImages object (35)"}}, {"added": {"name": "car images", "object": "CarImages object (36)"}}, {"added": {"name": "specification", "object": "Toyota GR Supra"}}, {"added": {"name": "features", "object": "Toyota GR Supra"}}]	15	1
52	2024-02-12 23:43:59.721117+05	10	Toyota Mirai	1	[{"added": {}}, {"added": {"name": "car images", "object": "CarImages object (37)"}}, {"added": {"name": "car images", "object": "CarImages object (38)"}}, {"added": {"name": "car images", "object": "CarImages object (39)"}}, {"added": {"name": "car images", "object": "CarImages object (40)"}}, {"added": {"name": "specification", "object": "Toyota Mirai"}}, {"added": {"name": "features", "object": "Toyota Mirai"}}]	15	1
53	2024-02-12 23:48:51.87492+05	11	Honda Civic Sports	1	[{"added": {}}, {"added": {"name": "car images", "object": "CarImages object (41)"}}, {"added": {"name": "car images", "object": "CarImages object (42)"}}, {"added": {"name": "car images", "object": "CarImages object (43)"}}, {"added": {"name": "car images", "object": "CarImages object (44)"}}, {"added": {"name": "specification", "object": "Honda Civic Sports"}}, {"added": {"name": "features", "object": "Honda Civic Sports"}}]	15	1
54	2024-02-12 23:56:11.73916+05	12	Toyota Corolla Cross XLE	1	[{"added": {}}, {"added": {"name": "car images", "object": "CarImages object (45)"}}, {"added": {"name": "car images", "object": "CarImages object (46)"}}, {"added": {"name": "car images", "object": "CarImages object (47)"}}, {"added": {"name": "car images", "object": "CarImages object (48)"}}, {"added": {"name": "specification", "object": "Toyota Corolla Cross XLE"}}, {"added": {"name": "features", "object": "Toyota Corolla Cross XLE"}}]	15	1
55	2024-02-13 00:02:37.792199+05	13	Honda Accord Hybrid	1	[{"added": {}}, {"added": {"name": "car images", "object": "CarImages object (49)"}}, {"added": {"name": "car images", "object": "CarImages object (50)"}}, {"added": {"name": "car images", "object": "CarImages object (51)"}}, {"added": {"name": "car images", "object": "CarImages object (52)"}}, {"added": {"name": "specification", "object": "Honda Accord Hybrid"}}, {"added": {"name": "features", "object": "Honda Accord Hybrid"}}]	15	1
144	2024-02-19 12:17:09.888141+05	1	shaheer	2	[{"changed": {"fields": ["License pic"]}}]	26	1
145	2024-02-20 10:17:21.375155+05	1	shaheer	2	[{"changed": {"fields": ["License pic"]}}]	26	1
56	2024-02-13 00:09:43.573944+05	14	Mercedes-AMG Roadster	1	[{"added": {}}, {"added": {"name": "car images", "object": "CarImages object (53)"}}, {"added": {"name": "car images", "object": "CarImages object (54)"}}, {"added": {"name": "car images", "object": "CarImages object (55)"}}, {"added": {"name": "car images", "object": "CarImages object (56)"}}, {"added": {"name": "specification", "object": "Mercedes-AMG Roadster"}}, {"added": {"name": "features", "object": "Mercedes-AMG Roadster"}}]	15	1
57	2024-02-13 00:16:13.513291+05	15	Toyota bZ4X	1	[{"added": {}}, {"added": {"name": "car images", "object": "CarImages object (57)"}}, {"added": {"name": "car images", "object": "CarImages object (58)"}}, {"added": {"name": "car images", "object": "CarImages object (59)"}}, {"added": {"name": "car images", "object": "CarImages object (60)"}}, {"added": {"name": "specification", "object": "Toyota bZ4X"}}, {"added": {"name": "features", "object": "Toyota bZ4X"}}]	15	1
58	2024-02-13 17:39:05.366968+05	1	Audi A7	2	[{"changed": {"fields": ["Weekly rent", "Monthly rent"]}}]	15	1
59	2024-02-13 17:43:13.744437+05	14	Mercedes-AMG Roadster	2	[{"changed": {"fields": ["Weekly rent", "Monthly rent"]}}]	15	1
60	2024-02-13 17:44:29.050569+05	13	Honda Accord Hybrid	2	[{"changed": {"fields": ["Weekly rent", "Monthly rent"]}}]	15	1
61	2024-02-13 17:45:55.402209+05	12	Toyota Corolla Cross XLE	2	[{"changed": {"fields": ["Weekly rent", "Monthly rent"]}}]	15	1
62	2024-02-13 17:46:49.079594+05	11	Honda Civic Sports	2	[{"changed": {"fields": ["Per day rent", "Weekly rent", "Monthly rent"]}}]	15	1
63	2024-02-13 17:54:01.907987+05	10	Toyota Mirai	2	[{"changed": {"fields": ["Weekly rent", "Monthly rent"]}}]	15	1
64	2024-02-13 17:54:39.269113+05	9	Toyota GR Supra	2	[{"changed": {"fields": ["Weekly rent", "Monthly rent"]}}]	15	1
65	2024-02-13 17:55:12.53057+05	8	Mercedes-Maybach S-Class	2	[{"changed": {"fields": ["Weekly rent", "Monthly rent"]}}]	15	1
66	2024-02-13 17:56:16.986513+05	7	Mercedes-AMG GT S	2	[{"changed": {"fields": ["Weekly rent", "Monthly rent"]}}]	15	1
67	2024-02-13 17:56:52.998811+05	6	Audi E-Tron GT	2	[{"changed": {"fields": ["Weekly rent", "Monthly rent"]}}]	15	1
68	2024-02-13 17:57:22.342763+05	5	Audi A6	2	[{"changed": {"fields": ["Weekly rent", "Monthly rent"]}}]	15	1
69	2024-02-13 17:58:19.867709+05	4	Audi A5	2	[{"changed": {"fields": ["Weekly rent", "Monthly rent"]}}]	15	1
70	2024-02-13 17:58:42.430288+05	3	Audi A4	2	[{"changed": {"fields": ["Weekly rent", "Monthly rent"]}}]	15	1
71	2024-02-13 17:59:14.658015+05	2	Audi A3	2	[{"changed": {"fields": ["Weekly rent", "Monthly rent"]}}]	15	1
72	2024-02-15 02:02:16.902315+05	2	shaheer	2	[{"changed": {"fields": ["Address"]}}]	13	1
73	2024-02-15 02:02:37.981971+05	2	shaheer	2	[{"changed": {"fields": ["Town or area"]}}]	13	1
74	2024-02-15 02:02:43.314019+05	2	shaheer	2	[]	13	1
75	2024-02-15 02:03:17.325958+05	2	shaheer	2	[{"changed": {"fields": ["Town or area"]}}]	13	1
76	2024-02-15 02:04:56.60938+05	2	shaheer	2	[{"changed": {"fields": ["Address"]}}]	13	1
77	2024-02-15 02:05:20.723361+05	2	shaheer	2	[{"changed": {"fields": ["Country"]}}]	13	1
78	2024-02-15 02:05:56.89977+05	2	shaheer	2	[{"changed": {"fields": ["Country"]}}]	13	1
79	2024-02-15 02:06:17.579899+05	2	shaheer	2	[{"changed": {"fields": ["Country", "Address"]}}]	13	1
80	2024-02-15 02:06:31.578493+05	2	shaheer	2	[{"changed": {"fields": ["Address"]}}]	13	1
81	2024-02-15 02:07:13.85394+05	2	shaheer	2	[{"changed": {"fields": ["Address"]}}]	13	1
82	2024-02-15 02:07:30.269635+05	2	shaheer	2	[{"changed": {"fields": ["Address"]}}]	13	1
83	2024-02-15 02:07:37.584313+05	2	shaheer	2	[{"changed": {"fields": ["Country"]}}]	13	1
84	2024-02-15 02:07:55.365495+05	2	shaheer	2	[{"changed": {"fields": ["Country", "City"]}}]	13	1
85	2024-02-15 02:08:20.928227+05	2	shaheer	2	[{"changed": {"fields": ["City", "Town or area"]}}]	13	1
86	2024-02-15 02:08:38.758069+05	2	shaheer	2	[{"changed": {"fields": ["Town or area", "Address"]}}]	13	1
87	2024-02-15 02:10:02.862159+05	2	shaheer	2	[{"changed": {"fields": ["Address"]}}]	13	1
114	2024-02-18 13:15:16.580589+05	2	shaheer	2	[{"changed": {"fields": ["Address"]}}]	13	1
115	2024-02-18 23:08:20.211547+05	2	shaheer	2	[{"changed": {"fields": ["Address"]}}]	13	1
116	2024-02-18 23:08:56.839173+05	2	shaheer	2	[{"changed": {"fields": ["Address"]}}]	13	1
117	2024-02-18 23:09:14.418004+05	2	Shaheer	2	[{"changed": {"fields": ["Last name"]}}]	12	1
118	2024-02-18 23:09:37.249896+05	2	shaheer	2	[{"changed": {"fields": ["Address"]}}]	13	1
119	2024-02-18 23:20:35.144543+05	2	shaheer	2	[{"changed": {"fields": ["City"]}}]	13	1
120	2024-02-18 23:21:05.040164+05	2	shaheer	2	[{"changed": {"fields": ["City"]}}]	13	1
121	2024-02-18 23:21:46.583222+05	2	shaheer	2	[{"changed": {"fields": ["First name"]}}]	12	1
122	2024-02-18 23:23:06.587379+05	2	Shaheer	2	[{"changed": {"fields": ["First name", "Last name"]}}]	12	1
123	2024-02-18 23:26:12.407498+05	1	Shaheer	2	[{"changed": {"fields": ["First name", "Last name"]}}]	12	1
124	2024-02-18 23:26:51.285232+05	2	shaheer	2	[{"changed": {"fields": ["First name", "Last name"]}}]	12	1
125	2024-02-18 23:27:50.426022+05	2	Shaheer	2	[{"changed": {"fields": ["First name", "Last name"]}}]	12	1
126	2024-02-18 23:28:00.040007+05	2	shaheer	2	[{"changed": {"fields": ["First name", "Last name"]}}]	12	1
127	2024-02-18 23:35:21.420565+05	2	Shaheer	2	[{"changed": {"fields": ["First name", "Last name"]}}]	12	1
128	2024-02-18 23:35:27.886428+05	2	Shaheer	2	[{"changed": {"fields": ["Last name"]}}]	12	1
129	2024-02-18 23:36:02.130683+05	2	Shaheer	2	[{"changed": {"fields": ["Last name"]}}]	12	1
130	2024-02-18 23:36:55.12215+05	2	shaheer	2	[{"changed": {"fields": ["City"]}}]	13	1
131	2024-02-18 23:37:20.168795+05	2	shaheer	2	[{"changed": {"fields": ["City"]}}]	13	1
132	2024-02-18 23:37:38.832111+05	2	Shaheer	2	[{"changed": {"fields": ["Last name"]}}]	12	1
133	2024-02-19 00:25:37.10916+05	2	Shaheer	2	[{"changed": {"fields": ["Last name"]}}]	12	1
134	2024-02-19 00:25:50.807192+05	2	shaheer	2	[{"changed": {"fields": ["Address"]}}]	13	1
135	2024-02-19 00:26:53.297399+05	2	Shaheer	2	[{"changed": {"fields": ["Last name"]}}]	12	1
136	2024-02-19 00:40:28.900668+05	2	Shaheer	2	[{"changed": {"fields": ["Last name"]}}]	12	1
137	2024-02-19 00:40:40.681497+05	2	shaheer	2	[{"changed": {"fields": ["Town or area"]}}]	13	1
138	2024-02-19 00:42:05.851958+05	2	Shaheer	2	[{"changed": {"fields": ["Last name"]}}]	12	1
139	2024-02-19 07:15:26.401668+05	1	shaheer	1	[{"added": {}}]	26	1
140	2024-02-19 07:15:34.102132+05	2	shaheer10	1	[{"added": {}}]	26	1
141	2024-02-19 11:48:38.736897+05	2	shaheer10	2	[{"changed": {"fields": ["License pic"]}}]	26	1
142	2024-02-19 11:48:57.739054+05	1	shaheer	2	[{"changed": {"fields": ["License pic"]}}]	26	1
143	2024-02-19 11:52:27.970478+05	1	shaheer	2	[{"changed": {"fields": ["License pic"]}}]	26	1
146	2024-02-22 22:46:49.190676+05	1	shaheer	2	[{"changed": {"fields": ["License name", "Valid"]}}]	26	1
147	2024-02-22 22:46:56.724972+05	1	shaheer	2	[{"changed": {"fields": ["License pic"]}}]	26	1
148	2024-02-22 22:59:31.438144+05	1	shaheer	2	[{"changed": {"fields": ["Expiry date"]}}]	26	1
149	2024-02-25 14:58:00.70164+05	2	Shaheer	2	[{"changed": {"fields": ["Contact", "Cnic"]}}]	12	1
150	2024-02-25 16:29:33.048572+05	3	rent5f4bd3ch55	3		24	1
151	2024-02-25 16:33:24.559489+05	4	2132252451	3		24	1
152	2024-02-25 16:39:07.540833+05	6	2	3		24	1
153	2024-02-25 16:39:07.557256+05	5	3	3		24	1
154	2024-02-25 18:59:20.385453+05	24	3123425445	3		24	1
155	2024-02-25 18:59:20.402303+05	23	3233433142	3		24	1
156	2024-02-25 18:59:20.402303+05	22	4544411313	3		24	1
157	2024-02-25 18:59:20.402303+05	21	2312151544	3		24	1
158	2024-02-25 18:59:20.402303+05	20	2441554214	3		24	1
159	2024-02-25 18:59:20.418261+05	19	2411444113	3		24	1
160	2024-02-25 18:59:20.420258+05	18	2115523452	3		24	1
161	2024-02-25 18:59:20.421259+05	17	2353551424	3		24	1
162	2024-02-25 18:59:20.422258+05	16	2311442344	3		24	1
163	2024-02-25 18:59:20.423258+05	15	2331524132	3		24	1
164	2024-02-25 18:59:20.425256+05	14	5413513415	3		24	1
165	2024-02-25 18:59:20.425256+05	13	2522342531	3		24	1
166	2024-02-25 18:59:20.426255+05	12	2122452234	3		24	1
167	2024-02-25 18:59:20.428254+05	11	2314343341	3		24	1
168	2024-02-25 18:59:20.429253+05	10	2223444455	3		24	1
169	2024-02-25 18:59:20.430254+05	8	4	3		24	1
170	2024-02-25 18:59:20.431253+05	2	rent215243fa4a	3		24	1
171	2024-02-25 18:59:20.432252+05	1	rent2dha1hda3f	3		24	1
172	2024-02-26 20:51:16.673137+05	15	Toyota bZ4X	2	[{"changed": {"fields": ["Weekly rent", "Monthly rent"]}}]	15	1
173	2024-02-26 22:19:40.668431+05	3	shaheer2	2	[{"changed": {"fields": ["Address"]}}]	13	1
174	2024-02-26 22:20:30.269897+05	3	shaheer2	2	[{"changed": {"fields": ["Address"]}}]	13	1
175	2024-02-26 22:34:46.706225+05	3	shaheer2	2	[{"changed": {"fields": ["Address"]}}]	13	1
176	2024-02-27 01:55:14.752555+05	8	2255524312	2	[{"changed": {"fields": ["Return status"]}}]	25	1
177	2024-02-27 01:55:47.99698+05	8	2255524312	2	[{"changed": {"fields": ["Return status"]}}]	25	1
178	2024-02-27 01:57:29.117941+05	8	2255524312	2	[{"changed": {"fields": ["Return status"]}}]	25	1
179	2024-02-27 17:37:45.440188+05	10	2224515412	2	[{"changed": {"fields": ["Return status"]}}]	25	1
180	2024-02-27 17:37:58.005908+05	4	2114251551	2	[{"changed": {"fields": ["Return status"]}}]	25	1
181	2024-02-27 17:39:24.007821+05	10	2224515412	2	[{"changed": {"fields": ["Return status"]}}]	25	1
182	2024-02-27 17:42:45.233992+05	2	2152153211	2	[{"changed": {"fields": ["Return status"]}}]	25	1
183	2024-02-28 01:49:57.753387+05	11	2541151242	2	[{"changed": {"fields": ["Return status"]}}]	25	1
184	2024-02-28 01:51:33.387228+05	11	2541151242	2	[{"changed": {"fields": ["Return status"]}}]	25	1
185	2024-02-28 01:52:34.727016+05	11	2541151242	2	[{"changed": {"fields": ["Return status"]}}]	25	1
186	2024-02-28 01:52:46.841662+05	11	2541151242	2	[{"changed": {"fields": ["Return status"]}}]	25	1
187	2024-02-28 01:54:38.408527+05	11	2541151242	2	[{"changed": {"fields": ["Return status"]}}]	25	1
188	2024-02-28 01:54:48.690261+05	11	2541151242	2	[{"changed": {"fields": ["Return status"]}}]	25	1
189	2024-02-28 01:55:49.252218+05	11	2541151242	2	[{"changed": {"fields": ["Return status"]}}]	25	1
190	2024-02-28 01:55:59.955351+05	11	2541151242	2	[{"changed": {"fields": ["Return status"]}}]	25	1
191	2024-02-28 01:56:45.334644+05	11	2541151242	2	[{"changed": {"fields": ["Return status"]}}]	25	1
224	2024-03-02 21:36:07.464015+05	10	2224515412	2	[{"changed": {"fields": ["Return status"]}}]	25	1
225	2024-03-02 23:28:02.489756+05	8	2255524312	2	[{"changed": {"fields": ["Return status"]}}]	25	1
226	2024-03-03 18:42:14.945577+05	1	4212214542	2	[{"changed": {"fields": ["Return status"]}}]	25	1
227	2024-03-03 21:44:15.1611+05	10	2224515412	2	[{"changed": {"fields": ["Return status"]}}]	25	1
228	2024-03-03 22:37:10.415183+05	12	2232135345	2	[{"changed": {"fields": ["Return status"]}}]	25	1
229	2024-03-03 22:41:04.223239+05	12	2232135345	2	[{"changed": {"fields": ["Return status"]}}]	25	1
261	2024-03-10 01:41:49.905909+05	1	shaheer	1	[{"added": {}}]	21	1
262	2024-03-10 01:54:28.520078+05	2	shaheer2	1	[{"added": {}}]	21	1
263	2024-03-10 03:04:05.431383+05	3	shaheer2	3		21	1
264	2024-03-10 10:17:43.061626+05	1	Customization object (1)	1	[{"added": {}}]	27	1
265	2024-03-10 10:18:25.322635+05	1	Customization object (1)	3		27	1
266	2024-03-11 00:49:48.97801+05	14	2521525323	2	[{"changed": {"fields": ["Return status"]}}]	25	1
267	2024-03-11 11:41:04.190083+05	5	Audi A6	2	[{"changed": {"fields": ["Rented"]}}]	15	1
268	2024-03-11 11:41:04.206896+05	1	Audi A7	2	[{"changed": {"fields": ["Rented"]}}]	15	1
269	2024-03-11 11:43:17.740629+05	14	2521525323	2	[{"changed": {"fields": ["Return status"]}}]	25	1
270	2024-03-11 11:43:41.550972+05	4	2114251551	2	[{"changed": {"fields": ["Return status"]}}]	25	1
271	2024-03-11 11:44:05.256634+05	2	2152153211	2	[{"changed": {"fields": ["Return status"]}}]	25	1
272	2024-03-11 15:04:02.603402+05	2	shaheer2	1	[{"added": {}}]	28	1
273	2024-03-13 06:26:02.273193+05	1	4212214542	3		25	1
274	2024-03-13 06:26:17.959458+05	3	3411544543	2	[{"changed": {"fields": ["Return status"]}}]	25	1
275	2024-03-13 06:26:33.106685+05	5	5445411154	2	[{"changed": {"fields": ["Return status"]}}]	25	1
276	2024-03-13 06:31:28.229286+05	6	5143311344	2	[{"changed": {"fields": ["Return status"]}}]	25	1
277	2024-03-13 06:31:53.888463+05	7	3235234435	2	[{"changed": {"fields": ["Return status"]}}]	25	1
278	2024-03-13 06:32:38.603871+05	13	4522545435	2	[{"changed": {"fields": ["Return status"]}}]	25	1
279	2024-03-13 06:44:02.490729+05	6	shaheer2	1	[{"added": {}}]	28	1
280	2024-03-13 06:47:46.590061+05	6	shaheer2	2	[{"changed": {"fields": ["Seen"]}}]	28	1
281	2024-03-13 06:59:59.673039+05	14	2521525323	2	[{"changed": {"fields": ["Return status"]}}]	25	1
282	2024-03-20 22:39:19.326677+05	4	bazar_square	3		11	1
283	2024-03-20 22:51:48.257958+05	13	4522545435	2	[{"changed": {"fields": ["Return status"]}}]	25	1
284	2024-03-20 22:52:05.571727+05	16	2542334411	2	[{"changed": {"fields": ["Return status"]}}]	25	1
285	2024-03-20 22:52:19.268813+05	17	2154552252	2	[{"changed": {"fields": ["Return status"]}}]	25	1
286	2024-03-20 22:52:31.1345+05	17	2154552252	2	[{"changed": {"fields": ["Return status"]}}]	25	1
287	2024-03-20 22:52:41.938944+05	19	5534332514	2	[{"changed": {"fields": ["Return status"]}}]	25	1
288	2024-03-20 22:53:19.370523+05	9	Toyota GR Supra	2	[{"changed": {"fields": ["Rented"]}}]	15	1
289	2024-03-20 22:53:19.374399+05	2	Audi A3	2	[{"changed": {"fields": ["Rented"]}}]	15	1
290	2024-03-20 22:53:19.37774+05	1	Audi A7	2	[{"changed": {"fields": ["Rented"]}}]	15	1
291	2024-03-20 23:03:45.287026+05	2	Customization object (2)	1	[{"added": {}}]	27	1
292	2024-03-20 23:03:54.220524+05	3	Customization object (3)	1	[{"added": {}}]	27	1
293	2024-03-20 23:04:37.531057+05	4	Customization object (4)	1	[{"added": {}}]	27	1
294	2024-03-20 23:05:44.576832+05	4	Customization object (4)	3		27	1
295	2024-03-20 23:05:44.576832+05	3	Customization object (3)	3		27	1
296	2024-03-20 23:05:44.59369+05	2	Customization object (2)	3		27	1
297	2024-03-20 23:05:57.323707+05	5	Customization object (5)	1	[{"added": {}}]	27	1
298	2024-03-20 23:06:05.35714+05	5	Customization object (5)	3		27	1
299	2024-03-20 23:26:58.150672+05	6	Customizations	1	[{"added": {}}]	27	1
300	2024-03-21 16:53:49.630159+05	59	2534134544	2	[{"changed": {"fields": ["Number of period"]}}]	24	1
301	2024-03-21 16:53:56.545388+05	20	2534134544	2	[]	25	1
302	2024-03-21 16:55:01.102384+05	59	2534134544	2	[{"changed": {"fields": ["Period"]}}]	24	1
303	2024-03-21 16:55:05.234078+05	20	2534134544	2	[]	25	1
304	2024-03-21 16:55:45.217503+05	59	2534134544	2	[{"changed": {"fields": ["Period"]}}]	24	1
305	2024-03-21 16:55:47.111852+05	20	2534134544	2	[]	25	1
306	2024-03-21 16:56:37.203377+05	59	2534134544	2	[{"changed": {"fields": ["Period", "Number of period"]}}]	24	1
307	2024-03-21 16:56:39.036216+05	20	2534134544	2	[]	25	1
308	2024-03-21 20:49:06.030361+05	1	3114143145	1	[{"added": {}}]	29	1
309	2024-03-21 21:29:06.501876+05	1	3114143145	2	[{"changed": {"fields": ["Period"]}}]	29	1
310	2024-03-21 21:34:15.769541+05	1	3114143145	2	[{"changed": {"fields": ["Period"]}}]	29	1
311	2024-03-21 21:34:43.932433+05	1	3114143145	2	[{"changed": {"fields": ["Period"]}}]	29	1
312	2024-03-21 21:35:16.643121+05	1	3114143145	2	[{"changed": {"fields": ["Number of period"]}}]	29	1
313	2024-03-21 21:50:02.406453+05	1	3114143145	2	[{"changed": {"fields": ["Period"]}}]	29	1
314	2024-03-21 21:51:15.024982+05	1	3114143145	2	[{"changed": {"fields": ["Period"]}}]	29	1
315	2024-03-21 22:13:38.647036+05	1	3114143145	2	[{"changed": {"fields": ["Number of period"]}}]	29	1
316	2024-03-21 22:54:33.366872+05	2	2534134544	1	[{"added": {}}]	29	1
317	2024-03-21 22:55:00.730876+05	1	3114143145	2	[]	29	1
318	2024-03-22 02:43:35.326991+05	2	2534134544	3		29	1
319	2024-03-22 02:43:35.343343+05	1	3114143145	3		29	1
320	2024-03-22 03:22:02.949227+05	4	3114143145	3		29	1
321	2024-03-22 03:22:02.961896+05	3	3114143145	3		29	1
322	2024-03-22 12:20:11.899391+05	9	2333532445	3		29	1
355	2024-03-22 19:28:13.364774+05	25	2333532445	2	[{"changed": {"fields": ["Return status"]}}]	25	1
356	2024-03-22 19:34:25.923726+05	24	2412231243	2	[{"changed": {"fields": ["Return status"]}}]	25	1
357	2024-03-22 19:37:11.371422+05	23	2212524132	2	[{"changed": {"fields": ["Return status"]}}]	25	1
358	2024-03-22 19:38:34.947681+05	22	2245131244	2	[{"changed": {"fields": ["Return status"]}}]	25	1
359	2024-03-22 19:39:45.826549+05	21	3114143145	2	[{"changed": {"fields": ["Return status"]}}]	25	1
360	2024-03-22 19:42:04.783846+05	20	2534134544	2	[{"changed": {"fields": ["Return status"]}}]	25	1
361	2024-03-22 19:44:01.043616+05	20	2534134544	2	[{"changed": {"fields": ["Return status"]}}]	25	1
362	2024-03-22 19:44:40.227074+05	20	2534134544	2	[{"changed": {"fields": ["Return status"]}}]	25	1
363	2024-03-22 19:46:26.238833+05	25	2333532445	2	[{"changed": {"fields": ["Return status"]}}]	25	1
364	2024-03-22 19:47:03.670241+05	25	2333532445	2	[{"changed": {"fields": ["Return status"]}}]	25	1
365	2024-03-22 19:50:57.034287+05	25	2333532445	2	[{"changed": {"fields": ["Return status"]}}]	25	1
366	2024-03-22 19:51:10.428868+05	24	2412231243	2	[{"changed": {"fields": ["Return status"]}}]	25	1
367	2024-03-22 19:51:23.2069+05	23	2212524132	2	[{"changed": {"fields": ["Return status"]}}]	25	1
368	2024-03-22 19:51:55.771299+05	22	2245131244	2	[{"changed": {"fields": ["Return status"]}}]	25	1
369	2024-03-22 19:52:06.949328+05	21	3114143145	2	[{"changed": {"fields": ["Return status"]}}]	25	1
370	2024-03-22 19:52:16.014438+05	20	2534134544	2	[{"changed": {"fields": ["Return status"]}}]	25	1
\.


--
-- Data for Name: django_content_type; Type: TABLE DATA; Schema: public; Owner: postgres
--

COPY public.django_content_type (id, app_label, model) FROM stdin;
1	admin	logentry
2	auth	permission
3	auth	group
4	contenttypes	contenttype
5	sessions	session
6	account	emailaddress
7	account	emailconfirmation
8	socialaccount	socialaccount
9	socialaccount	socialapp
10	socialaccount	socialtoken
11	userauths	user
12	users	userprofile
13	users	address
14	cars	brand
15	cars	car
16	cars	category
17	cars	carimages
18	cars	fuel_type
19	cars	transmission
20	cars	specification
21	cars	review
22	cars	features
23	users	saved_car
24	rent	rent
25	rent	rented_car
26	users	licensedetail
27	core	customization
28	users	notification
29	rent	extended_rent
\.


--
-- Data for Name: django_migrations; Type: TABLE DATA; Schema: public; Owner: postgres
--

COPY public.django_migrations (id, app, name, applied) FROM stdin;
1	contenttypes	0001_initial	2024-02-10 07:37:08.709963+05
2	contenttypes	0002_remove_content_type_name	2024-02-10 07:37:08.709963+05
3	auth	0001_initial	2024-02-10 07:37:08.809948+05
4	auth	0002_alter_permission_name_max_length	2024-02-10 07:37:08.809948+05
5	auth	0003_alter_user_email_max_length	2024-02-10 07:37:08.826778+05
6	auth	0004_alter_user_username_opts	2024-02-10 07:37:08.826778+05
7	auth	0005_alter_user_last_login_null	2024-02-10 07:37:08.843696+05
8	auth	0006_require_contenttypes_0002	2024-02-10 07:37:08.86039+05
9	auth	0007_alter_validators_add_error_messages	2024-02-10 07:37:08.86039+05
10	auth	0008_alter_user_username_max_length	2024-02-10 07:37:08.876814+05
11	auth	0009_alter_user_last_name_max_length	2024-02-10 07:37:08.891748+05
12	auth	0010_alter_group_name_max_length	2024-02-10 07:37:08.893323+05
13	auth	0011_update_proxy_permissions	2024-02-10 07:37:08.909994+05
14	auth	0012_alter_user_first_name_max_length	2024-02-10 07:37:08.909994+05
15	userauths	0001_initial	2024-02-10 07:37:08.992907+05
16	account	0001_initial	2024-02-10 07:37:09.043962+05
17	account	0002_email_max_length	2024-02-10 07:37:09.068594+05
18	account	0003_alter_emailaddress_create_unique_verified_email	2024-02-10 07:37:09.09308+05
19	account	0004_alter_emailaddress_drop_unique_email	2024-02-10 07:37:09.109978+05
20	account	0005_emailaddress_idx_upper_email	2024-02-10 07:37:09.126455+05
21	admin	0001_initial	2024-02-10 07:37:09.175953+05
22	admin	0002_logentry_remove_auto_add	2024-02-10 07:37:09.175953+05
23	admin	0003_logentry_add_action_flag_choices	2024-02-10 07:37:09.193364+05
24	cars	0001_initial	2024-02-10 07:37:09.294936+05
25	cars	0002_car_model_car_year_of_manufacture	2024-02-10 07:37:09.304929+05
26	cars	0003_car_specification_alter_car_description	2024-02-10 07:37:09.315968+05
27	cars	0004_fuel_type_transmission_remove_car_specification_and_more	2024-02-10 07:37:09.443644+05
28	cars	0005_alter_features_car_alter_specification_car	2024-02-10 07:37:09.509496+05
29	cars	0006_alter_carimages_image	2024-02-10 07:37:09.533242+05
30	cars	0007_alter_specification_condition_and_more	2024-02-10 07:37:09.544726+05
31	cars	0008_alter_car_brand	2024-02-10 07:37:09.579688+05
32	cars	0009_specification_max_speed_in_km_per_h	2024-02-10 07:37:09.594754+05
33	cars	0010_car_no_of_times_rented	2024-02-10 07:37:09.609534+05
34	cars	0011_alter_brand_name	2024-02-10 07:37:09.627272+05
35	core	0001_initial	2024-02-10 07:37:09.632712+05
36	core	0002_delete_car	2024-02-10 07:37:09.645002+05
37	sessions	0001_initial	2024-02-10 07:37:09.668134+05
38	socialaccount	0001_initial	2024-02-10 07:37:09.775699+05
39	socialaccount	0002_token_max_lengths	2024-02-10 07:37:09.810318+05
40	socialaccount	0003_extra_data_default_dict	2024-02-10 07:37:09.825901+05
41	socialaccount	0004_app_provider_id_settings	2024-02-10 07:37:09.860805+05
42	socialaccount	0005_socialtoken_nullable_app	2024-02-10 07:37:09.894631+05
43	socialaccount	0006_alter_socialaccount_extra_data	2024-02-10 07:37:09.931907+05
44	socialaccount	0007_alter_socialaccount_user	2024-02-10 07:37:09.965076+05
45	userauths	0002_user_profile_image	2024-02-10 07:37:09.982828+05
46	users	0001_initial	2024-02-10 07:37:10.108516+05
47	users	0002_alter_userprofile_user	2024-02-10 07:37:10.131176+05
48	users	0003_remove_userprofile_name_userprofile_first_name_and_more	2024-02-10 07:37:10.180866+05
49	users	0004_alter_address_user_alter_userprofile_user	2024-02-10 07:37:10.275151+05
50	users	0005_alter_address_address_alter_address_city_and_more	2024-02-10 07:37:10.368519+05
51	users	0006_saved_car	2024-02-10 15:27:30.48471+05
52	cars	0012_car_is_deleted_car_monthly_rent_car_weekly_rent_and_more	2024-02-13 17:37:05.172778+05
53	rent	0001_initial	2024-02-14 22:32:23.836804+05
54	rent	0002_rent_created_at_rent_number_of_period_rent_period_and_more	2024-02-18 11:29:26.557072+05
55	users	0007_alter_userprofile_first_name_and_more	2024-02-18 23:26:38.903186+05
56	users	0008_alter_userprofile_first_name_and_more	2024-02-18 23:27:28.594296+05
57	users	0009_userprofile_cnic_userprofile_contact_and_more	2024-02-19 07:11:00.457135+05
58	rent	0003_remove_rent_payment_method_rent_delivery_method	2024-02-25 14:33:04.303662+05
59	rent	0004_rent_rent_rent_total_rent	2024-02-25 14:51:21.849385+05
60	rent	0005_alter_rent_rid	2024-02-25 16:31:06.401156+05
61	rent	0006_rented_car_over_due_charges_rented_car_return_status	2024-02-26 21:34:25.189278+05
62	cars	0013_car_rented	2024-02-28 01:37:51.183848+05
63	rent	0007_alter_rented_car_return_status	2024-03-02 23:27:44.268312+05
64	rent	0008_alter_rented_car_rent	2024-03-03 00:25:37.655559+05
65	cars	0014_review_image	2024-03-10 01:23:10.73011+05
66	cars	0015_alter_review_image	2024-03-10 01:23:10.790437+05
67	cars	0016_alter_review_car	2024-03-10 01:29:13.115541+05
68	core	0003_initial	2024-03-10 10:15:50.327889+05
69	users	0010_notification	2024-03-11 14:59:05.374026+05
70	users	0011_notification_seen	2024-03-11 16:58:00.092127+05
71	core	0004_remove_customization_main_image_and_more	2024-03-20 23:21:02.254996+05
72	core	0005_remove_customization_saved_car_image_desktop_and_more	2024-03-21 00:21:58.025716+05
73	rent	0009_rent_extended_rent_rent_is_extended_extended_rent	2024-03-21 20:42:29.37047+05
74	rent	0010_extended_rent_confirmed	2024-03-22 02:42:39.374732+05
75	rent	0011_extended_rent_erid	2024-03-22 03:04:59.245772+05
76	rent	0012_alter_extended_rent_rent	2024-03-22 11:36:38.911884+05
\.


--
-- Data for Name: django_session; Type: TABLE DATA; Schema: public; Owner: postgres
--

COPY public.django_session (session_key, session_data, expire_date) FROM stdin;
2n7z2hs47krwt0dnbdrxeki7aylb37vk	.eJxVjMsOwiAQRf-FtSHlDS7d-w1kYAapGkhKuzL-uzbpQrf3nHNfLMK21rgNWuKM7MwEO_1uCfKD2g7wDu3Wee5tXebEd4UfdPBrR3peDvfvoMKo39oDCJLFF1fIhxKclAoIw4SavIRJOC-MMBItKq2KVCETGSJrizdJW_b-AO3lN-8:1rZFH3:h6-NxZJ2WuQrnM2WdXmpdh4Ya6DepZuU8VT9GoWRsKQ	2024-02-26 00:13:57.948373+05
xw74vqaotpjefkl3fgy5pd2ftbt5u3l2	.eJxVjMsOwiAQRf-FtSHlDS7d-w1kYAapGkhKuzL-uzbpQrf3nHNfLMK21rgNWuKM7MwEO_1uCfKD2g7wDu3Wee5tXebEd4UfdPBrR3peDvfvoMKo39oDCJLFF1fIhxKclAoIw4SavIRJOC-MMBItKq2KVCETGSJrizdJW_b-AO3lN-8:1raMOI:xNY5PnDUA7QTybTi7KdvX0OP27yRGecTdNYCDDkyogw	2024-02-29 02:02:02.931281+05
kkqxyq0vmo5bklguezd7r5e8eoaknx0q	.eJxlUMtqwzAQ_Jc9G6O3rNwa-heliJW8iU0dK9hyoYT8e2XXFNzepJ0HM_MAjDEtY_a45I7G3EfMfRr9jXKX2hlObw_4ecMJ5hR7HHYFVIAZTtwy65RsrKmZtE4qXcF9Sp99S1ORXFO6DlS4S786cK6Zc0wyYzVjzhphdQPP9wq2AH6ZafIbU8DhFjB-0LgCOAzrud5j1Btnh-f65VDjvKsOVh3OXfEJiBfTkCHtnHZcG0QUthQhFKrVSI50o1rDJQtS2HK3ISgZDMrYcG7X_v-3o9b_XUUrI0xZJeJejRfpnaZ-2_QVv8p3XG6hREsX_wtweH4Di9aEMg:1ree0u:z9_BNzbNKOCQrHzTdY8_xuZYnW0Gq2UCL8Xs6qCOI7g	2024-03-11 21:39:36.535616+05
ceke3qa9c7oi8nv2kt65oyq9wk3889lo	.eJxVjMsOwiAQRf-FtSHlDS7d-w1kYAapGkhKuzL-uzbpQrf3nHNfLMK21rgNWuKM7MwEO_1uCfKD2g7wDu3Wee5tXebEd4UfdPBrR3peDvfvoMKo39oDCJLFF1fIhxKclAoIw4SavIRJOC-MMBItKq2KVCETGSJrizdJW_b-AO3lN-8:1rgJvj:gKl9sHQT-50B3MYpLGqoZEYIEA9jdfibOH4EBeCkbCA	2024-03-16 12:37:11.932764+05
2uy9qokpag2vy4766xcxeinbs2ya320m	.eJxlUMtuhDAQ-5c5I5TXDAm37m9UFZo8uqBSUkHoZbX_XqBcaG8jj23ZfgCHkNepdLyWPk1lCFyGPHWfqfQ5LtC-PuD3hhaWHAYeTwVUwAVa2UghyGiNtdCKlMMKvub8PcQ0b5J7zvcxbdx12B2ktFKibYikQamFJRQEz7cKjgDduqS5O5gaLpjn8JGm_cHjuMP1GaM-OOd7qV8uNW6n6mLV89JvPkII5b3BRmhiQvaJpSBqEloXTPQxRmVQWYqNdz5KphSddcJbhe-Mdu__f7sUu7-rEDonzfMHnlp0VA:1rjFqp:bHkO3q5-Wt5-rtkjoRRLHauOdgK1uKtwnUrdJ1vFNOc	2024-03-24 14:52:15.096465+05
k0igwxeh15hkq3c449tbpdki7eyqun5n	.eJxVjs0OwiAQhN-FsyGFrfx4NF59BrLAYusPmNYejPHdhaQxevxmZmfnxRwuj8EtM01ujGzHBNv8ah7DhXIz4hnzqfBQ8mMaPW8RvrozP5ZI1_2a_SsYcB7qdZI6qgCaOtULA0ZHqEIPCn2K0IVkhLUgCYBIkjCdTDYlFbdREyora2nAdWKDO01jaXDAZ8W83Hx9VpL7GoK9P3e9R40:1rkvQk:D66P4DlZ3-7gPbb2-qmfa_DfBoLu8HdIXVMNXmFheNo	2024-03-29 05:28:14.387738+05
ux7d4twz5f7nytfkxggrbnog49t20wuv	.eJxVkN1OwzAMhd8l12O0TWnXXe6HikGHNmBDQihKE6ct65KSJlM3xLuTTgiNG8s-57Nl-wsxqknF0Rj5aIAa0JXqixk9ulLafQ6aKEH-jDO1Y0CY4kAOThYVaGc8NavDyr-Czd1W1sUyi6y3SedCVuncduuuMC-r2XP8-DzfLqZhfbhSa5wfjzKbLxcZTl-p3WC78Lwmb8AIOVsn3ESJ2N9WH4ENGUwgxnm3_9QseG3w1KxYqlJPiE-xwCRJ1vdur1axitaUMWWlIa2hBtD47QtJ6Izb8FqDNOdAGlpAf4hWDNrWebUqKtmPYKpxTcil1JrSgZruewB9D9BJ7SaFKTr5sMxOWRmh9wEiZ8y2cPHFCy2nbAeyN_gHlYUaMiWNrvJhjwx_3XaYuWfWk1_234CStqXrFkHMI4Zj8KLQH-FRzLETQhzRXHDsMTHykwQHgDFAAP7IC0QiRMRveAw0SgL0_QO5CqJ6:1rld41:yZ-Ue-HQZxd75Wy08dgVNcP---BdIMaTKrNddEJHKGw	2024-03-31 04:03:41.252902+05
h42ive4zi8fa5y5vq89wb6ru1ai5jpua	.eJxVjMsOwiAQRf-FtSHAVB4u3fsNZGAGqRqalHZl_HfbpAvdnnPufYuI61Lj2nmOI4mL0OL0yxLmJ7dd0APbfZJ5ass8Jrkn8rBd3ibi1_Vo_w4q9rqti3FkMzhWdtAevCPYwAAWUyFQuXgdAhgGYDasvTIllGLpTI7RBiM-X9RfN74:1rmztY:qLImKGkdJh6d778SnYG2YPTYagJkFO15pdEVcrrMHe8	2024-04-03 22:38:32.756268+05
zvqlkrlsks68xmtuu26urjv3jy2gs2sc	.eJxVj80OgjAQhN-lZ0Loz7bUm8b3aLZ_gYjFQDkY47tbSGP0ODM73-6-iMEtD2Zbw2JGT04ESPPrWXS3kPYAp2m3W3Ru3lJuj5kar-25qJDy6DCPc7rU1h9qwHUoHCaY7amnoCLjTIXoEYVCtLaXXCGzkoG00ftItcIOQAfFOy4dOC-8FQVaTzjYdWnwBjM5UUU7DZJr3ULHQfYNcVg_o7xUH2EZ511d8Vlk2u62nDZH8w0oeX8AiuFaqA:1rmzzI:spcj1fu9Ym_aoJGmV49KkArZAy5S3Ys-Slri27KSteg	2024-04-03 22:44:28.945099+05
36y6587y7w9err2mzrvmpk7qdlltddhc	.eJxVjMsOwiAQRf-FtSHAVB4u3fsNZGAGqRqalHZl_HfbpAvdnnPufYuI61Lj2nmOI4mL0OL0yxLmJ7dd0APbfZJ5ass8Jrkn8rBd3ibi1_Vo_w4q9rqti3FkMzhWdtAevCPYwAAWUyFQuXgdAhgGYDasvTIllGLpTI7RBiM-X9RfN74:1rnGy6:oSNwRJkt6OcIIAK9dLmMmUypIJSNngq24KvFS76J6MU	2024-04-04 16:52:22.420386+05
15tlz29ipw9qj9ccg9j7pzpgr2xz5h74	.eJxtUctOwzAQ_Befo8iP-NUbiL9AKFo7WxKRxlXiIFDFv7NJQ0UKJ9szO7O74wuDGNM85Brm3OKQuwi5S0N9wtymZmKH5wu73tmBTSl20G8KVjDI7CCs4N4o7XSpdOW1lwU7j-m9a3AkyWtKrz1S7dwtDkJo7j1X3FjNubdGWu3Y10vB1gHqecKxXisl22EB4hsOCwF9v8DlNka51mz0VD7s1njcVDurFqaWfALA0Tg0qD1NLbQBAGmVswiyajSgR-2qxgjFg5KWcBtCpYIBFZ0Qdtn_b3bY1PepGNrUuYJF2FYTJD3j2K2ZPsEnPYf5FGi0dKxvxBIAfmTyJc-Rjvpm4IlakWtSSimtZFXpH0VDirsGN_yfTuI3v-9Ef_MNmqmwYA:1roekx:4o28Pv0o-syuYSmdHhmilrSrbBBd41vALEd45Kq-NBc	2024-04-08 12:28:31.608148+05
\.


--
-- Data for Name: rent_extended_rent; Type: TABLE DATA; Schema: public; Owner: postgres
--

COPY public.rent_extended_rent (id, period, number_of_period, extended_at, rent_id, confirmed, erid) FROM stdin;
5	Day	3	2024-03-22 03:25:17.047949+05	60	t	8799998787
6	Day	2	2024-03-22 03:41:40.550191+05	61	t	7689698689
7	Day	2	2024-03-22 11:39:31.8868+05	62	t	9868966769
8	Day	2	2024-03-22 12:09:06.404893+05	63	t	8888867977
10	Day	1	2024-03-22 12:20:39.611618+05	64	t	8786799676
\.


--
-- Data for Name: rent_rent; Type: TABLE DATA; Schema: public; Owner: postgres
--

COPY public.rent_rent (id, rid, cancelled, is_deleted, paid, car_id, user_id, created_at, number_of_period, period, delivery_method, rent, total_rent, extended_rent, is_extended) FROM stdin;
28	2355353444	f	f	f	12	2	2024-02-25 21:02:00.463908+05	6	Month	Pickup	5999994	6042393	0	f
29	2451413152	f	f	f	15	2	2024-02-26 20:53:50.705148+05	4	Day	Pickup	315996	379195	0	f
30	4341423534	f	f	t	15	2	2024-02-26 21:01:33.663642+05	4	Day	Home Delivery	315996	379195	0	f
31	4212214542	f	f	t	1	2	2024-02-26 21:39:39.606261+05	1	Day	Pickup	32999	59398	0	f
32	2555313313	f	f	f	6	3	2024-02-26 21:59:55.867078+05	1	Day	Pickup	69999	125998	0	f
33	2152153211	f	f	t	6	3	2024-02-26 22:00:20.558154+05	1	Day	Home Delivery	69999	125998	0	f
34	2441133134	f	f	f	9	3	2024-02-26 22:18:24.382853+05	1	Day	Pickup	32999	59398	0	f
35	2343313122	f	f	f	9	3	2024-02-26 22:19:53.809816+05	1	Day	Pickup	32999	59398	0	f
36	3514332412	f	f	f	9	3	2024-02-26 22:20:09.628612+05	1	Day	Pickup	32999	59398	0	f
37	4233134213	f	f	f	9	3	2024-02-26 22:20:50.674313+05	1	Day	Pickup	32999	59398	0	f
38	5335131544	f	f	f	2	3	2024-02-26 22:35:28.879292+05	1	Day	Pickup	27999	50398	0	f
39	3411544543	f	f	t	2	3	2024-02-26 22:49:14.166298+05	1	Day	Pickup	27999	50398	0	f
40	2114251551	f	f	t	11	3	2024-02-26 23:58:38.937904+05	1	Day	Home Delivery	20999	37798	0	f
54	2234454551	f	f	t	2	2	2024-03-15 18:28:08.637013+05	2	Day	Pickup	55998	78397	0	f
41	5445411154	f	f	t	4	3	2024-02-27 00:15:46.189617+05	2	Day	Pickup	61998	86797	0	f
42	5143311344	f	f	t	10	3	2024-02-27 00:31:48.867089+05	1	Day	Pickup	28999	52198	0	f
62	2212524132	f	f	t	3	2	2024-03-22 11:37:50.819592+05	1	Day	Home Delivery	29999	113996	59998	t
43	3235234435	f	f	t	5	3	2024-02-27 00:35:58.461587+05	2	Day	Pickup	63998	89597	0	f
55	2542334411	f	f	t	1	1	2024-03-17 04:05:22.207528+05	1	Day	Pickup	32999	59398	0	f
44	2255524312	f	f	t	1	3	2024-02-27 00:57:17.606081+05	2	Day	Pickup	65998	92397	0	f
45	2224515412	f	f	t	11	3	2024-02-27 17:16:22.509901+05	1	Day	Pickup	20999	37798	0	f
25	2314421451	f	f	t	8	2	2024-02-25 19:00:28.374702+05	3	Week	Pickup	227997	248796	0	f
26	5445421511	f	f	f	7	2	2024-02-25 20:51:34.646845+05	12	Month	Pickup	13199988	13304787	0	f
27	2511414111	f	f	f	7	2	2024-02-25 20:52:50.302024+05	12	Month	Pickup	13199988	13304787	0	f
46	4224412331	f	f	f	15	3	2024-02-28 01:42:14.492615+05	1	Day	Pickup	78999	142198	0	f
47	2553411324	f	f	f	15	3	2024-02-28 01:43:41.995646+05	1	Day	Pickup	78999	142198	0	f
48	2541151242	f	f	t	15	3	2024-02-28 01:48:28.033579+05	1	Day	Pickup	78999	142198	0	f
49	2135555245	f	f	f	7	3	2024-03-02 12:46:03.264269+05	2	Day	Pickup	261998	366797	0	f
50	3443452521	f	f	f	7	3	2024-03-02 12:47:06.104338+05	2	Day	Pickup	261998	366797	0	f
51	2232135345	f	f	t	7	3	2024-03-02 13:40:54.241554+05	2	Day	Pickup	261998	366797	0	f
63	2412231243	f	f	t	5	2	2024-03-22 12:07:09.456615+05	1	Week	Home Delivery	89999	179596	63998	t
52	4522545435	f	f	t	1	2	2024-03-10 23:36:47.852898+05	3	Day	Home Delivery	98997	125396	0	f
56	2154552252	f	f	t	4	2	2024-03-20 22:04:47.754247+05	1	Day	Home Delivery	30999	55798	0	f
57	5534332514	f	f	t	9	2	2024-03-20 22:34:05.760368+05	1	Day	Pickup	32999	59398	0	f
58	2324232531	f	f	f	13	5	2024-03-20 22:45:22.870714+05	1	Day	Pickup	19999	35998	0	f
64	2333532445	f	f	t	8	2	2024-03-22 12:14:47.783964+05	1	Day	Home Delivery	25999	98796	25999	t
65	1431452441	f	f	t	1	2	2024-03-25 12:28:36.894716+05	2	Day	Home Delivery	65998	92397	0	f
59	2534134544	f	f	t	4	2	2024-03-21 16:50:42.04215+05	1	Month	Home Delivery	30999	225796	169998	t
60	3114143145	f	f	t	9	2	2024-03-21 19:49:14.845045+05	1	Day	Home Delivery	32999	158395	98997	t
61	2245131244	f	f	t	2	2	2024-03-22 03:40:00.416454+05	3	Day	Home Delivery	83997	162394	55998	t
\.


--
-- Data for Name: rent_rented_car; Type: TABLE DATA; Schema: public; Owner: postgres
--

COPY public.rent_rented_car (id, created_at, rent_id, over_due_charges, return_status) FROM stdin;
25	2024-03-22 12:15:45.541229+05	64	0	Returned
24	2024-03-22 12:08:05.830539+05	63	0	Returned
23	2024-03-22 11:38:46.960536+05	62	0	Returned
22	2024-03-22 03:40:45.225732+05	61	0	Returned
21	2024-03-21 19:50:06.053823+05	60	0	Returned
20	2024-03-21 16:51:35.750297+05	59	0	Returned
26	2024-03-25 12:29:27.167419+05	65	0	To be delivered
11	2024-02-28 01:49:17.257847+05	48	0	Returned
8	2024-02-27 00:58:01.948904+05	44	0	Finished
10	2024-02-27 17:17:15.417984+05	45	0	Returned
12	2024-03-02 13:41:56.797854+05	51	0	Returned
4	2024-02-26 23:59:27.11229+05	40	62997	Returned
2	2024-02-26 22:02:23.879127+05	33	209997	Returned
3	2024-02-26 22:50:52.823472+05	39	0	Finished
5	2024-02-27 00:16:43.431869+05	41	0	Finished
6	2024-02-27 00:32:56.157007+05	42	0	Finished
7	2024-02-27 00:36:56.567637+05	43	0	Finished
15	2024-03-15 18:29:01.928134+05	54	0	Finished
13	2024-03-10 23:37:42.727466+05	52	131996	Returned
16	2024-03-17 04:11:02.08355+05	55	0	Finished
17	2024-03-20 22:05:40.130596+05	56	0	Returned
19	2024-03-20 22:35:12.248264+05	57	0	Finished
\.


--
-- Data for Name: socialaccount_socialaccount; Type: TABLE DATA; Schema: public; Owner: postgres
--

COPY public.socialaccount_socialaccount (id, provider, uid, last_login, date_joined, extra_data, user_id) FROM stdin;
4	google	100572582115165692097	2024-03-20 22:39:59.488453+05	2024-03-20 22:39:59.488453+05	{"aud": "717710135674-metvdkoncj0uvekh65rlarct12r82re2.apps.googleusercontent.com", "azp": "717710135674-metvdkoncj0uvekh65rlarct12r82re2.apps.googleusercontent.com", "exp": 1710960000, "iat": 1710956400, "iss": "https://accounts.google.com", "sub": "100572582115165692097", "name": "Bazar Square", "email": "teambazarsquare@gmail.com", "at_hash": "kEN0ec0_A1x9X39z4hB5xA", "picture": "https://lh3.googleusercontent.com/a/ACg8ocI4zh9jOKaftUZX8WpHBOO8hii_BKcdxnz_dBQ-kegt-w=s96-c", "given_name": "Bazar Square", "email_verified": true}	5
2	google	118115876614513086506	2024-03-10 14:52:15.032629+05	2024-02-26 21:49:24.385986+05	{"aud": "717710135674-metvdkoncj0uvekh65rlarct12r82re2.apps.googleusercontent.com", "azp": "717710135674-metvdkoncj0uvekh65rlarct12r82re2.apps.googleusercontent.com", "exp": 1710067935, "iat": 1710064335, "iss": "https://accounts.google.com", "sub": "118115876614513086506", "name": "Shaheer Mudassar", "email": "shaheer.mudassar14@gmail.com", "locale": "en", "at_hash": "NuOKcohWsvtKZTK4hGFTow", "picture": "https://lh3.googleusercontent.com/a/ACg8ocKnYZ02GkqoMtJjPjp2XQ00H5Mc4b3uaP9gXXnmDBSh=s96-c", "given_name": "Shaheer", "family_name": "Mudassar", "email_verified": true}	3
1	google	115099030675009762758	2024-03-21 00:39:45.331856+05	2024-02-11 23:39:36.260565+05	{"aud": "717710135674-metvdkoncj0uvekh65rlarct12r82re2.apps.googleusercontent.com", "azp": "717710135674-metvdkoncj0uvekh65rlarct12r82re2.apps.googleusercontent.com", "exp": 1710967186, "iat": 1710963586, "iss": "https://accounts.google.com", "sub": "115099030675009762758", "name": "Shaheer Mudassar", "email": "shaheer.mudassar13@gmail.com", "at_hash": "AZG3cf7oKhiUgqr57A6hBg", "picture": "https://lh3.googleusercontent.com/a/ACg8ocI6x_nZBa5rKvKNvnAeeHzFtDNm8Jrx8KcZBZKLhTagPv0=s96-c", "given_name": "Shaheer", "family_name": "Mudassar", "email_verified": true}	2
\.


--
-- Data for Name: socialaccount_socialapp; Type: TABLE DATA; Schema: public; Owner: postgres
--

COPY public.socialaccount_socialapp (id, provider, name, client_id, secret, key, provider_id, settings) FROM stdin;
1	google	Google	717710135674-metvdkoncj0uvekh65rlarct12r82re2.apps.googleusercontent.com	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			{}
\.


--
-- Data for Name: socialaccount_socialtoken; Type: TABLE DATA; Schema: public; Owner: postgres
--

COPY public.socialaccount_socialtoken (id, token, token_secret, expires_at, account_id, app_id) FROM stdin;
\.


--
-- Data for Name: userauths_user; Type: TABLE DATA; Schema: public; Owner: postgres
--

COPY public.userauths_user (id, password, last_login, is_superuser, first_name, last_name, is_staff, is_active, date_joined, email, username, profile_image) FROM stdin;
3	!dP6r4hsxWn5cOphA6vfXGIhXenc1UvUeIe1Lic6E	2024-03-10 14:52:15.065991+05	f	Shaheer	Mudassar	f	t	2024-02-26 21:49:24.309027+05	shaheer.mudassar14@gmail.com	shaheer2	
5	!UWWnm2ylnlGeJF0wOl02uvbwGAWaRsp1y6BrfUEw	2024-03-20 22:39:59.503568+05	f	Bazar Square		f	t	2024-03-20 22:39:59.436721+05	teambazarsquare@gmail.com	bazar_square	
2	!1gHNibPzGNY5AGxEAoNZDw4gXbne2uFZ6e2ZzFOF	2024-03-21 00:39:45.365008+05	t	Shaheer	Mudassar	f	t	2024-02-11 23:39:36+05	shaheer.mudassar13@gmail.com	shaheer	
1	pbkdf2_sha256$720000$jy9xLj08yfqobUvEGzCgqr$YCKnjymez1xpcTG071KHAaq2IrHjAE6Ke+B/7a6wpT8=	2024-03-21 16:52:22.412391+05	t			t	t	2024-02-10 07:40:43.224689+05	shaheer10@gmail.com	shaheer10	
\.


--
-- Data for Name: userauths_user_groups; Type: TABLE DATA; Schema: public; Owner: postgres
--

COPY public.userauths_user_groups (id, user_id, group_id) FROM stdin;
\.


--
-- Data for Name: userauths_user_user_permissions; Type: TABLE DATA; Schema: public; Owner: postgres
--

COPY public.userauths_user_user_permissions (id, user_id, permission_id) FROM stdin;
\.


--
-- Data for Name: users_address; Type: TABLE DATA; Schema: public; Owner: postgres
--

COPY public.users_address (id, country, city, town_or_area, address, created_at, profile_id, user_id) FROM stdin;
3	Pakistan	Lahore	Johar town	523 - F2	2024-02-26 21:49:24.370923+05	3	3
2	Pakistan	Lahore	Johar Town	523-F2 near Nimra Masjid	2024-02-11 23:39:36.260565+05	2	2
1	Pakistan	Lahore	Lahore	523, F2 Block	2024-02-10 07:40:44.054885+05	1	1
5	Pakistan	pasroor	Johar town	2132131	2024-03-20 22:39:59.470101+05	5	5
\.


--
-- Data for Name: users_licensedetail; Type: TABLE DATA; Schema: public; Owner: postgres
--

COPY public.users_licensedetail (id, license_pic, license_name, expiry_date, valid, user_id) FROM stdin;
3	Users/License/IMG_20240221_192314_y52114f.jpg	Shaheer Mudassr333	2024-08-22	t	3
2	Users/License/IMG_20240221_192240.jpg	Shaheer Mudassar	2024-03-30	t	1
5	Users/License/IMG_20240221_192314_eOJ5RVJ.jpg	Bazar Square	2024-03-30	t	5
1	Users/License/IMG_20240221_192314_nJW5spe.jpg	Shaheer Mudassar	2024-03-30	t	2
\.


--
-- Data for Name: users_notification; Type: TABLE DATA; Schema: public; Owner: postgres
--

COPY public.users_notification (id, subject, body, created_at, user_id, seen) FROM stdin;
2	Thanks for returning the car.	Audi A3 was returned to out garage.	2024-03-11 15:04:02.586662+05	3	t
3	Your rent was finished.	You didn't picked your rented car 'Toyota Mirai' so we finished your rent.	2024-03-13 06:31:28.205598+05	3	t
4	Your rent was finished.	You didn't picked your rented car 'Audi A6' so we finished your rent.	2024-03-13 06:31:53.888463+05	3	t
6	Testing notification	Testing notification	2024-03-13 06:44:02.490729+05	3	t
46	Please return your rented car to our garage.	You haven't returned your rented car 'Audi A7' to our garage yet.	2024-03-15 00:00:14.36341+05	2	t
44	Please return your rented car to our garage.	You haven't returned your rented car 'Audi A7' to our garage yet.	2024-03-15 00:00:04.125799+05	2	t
13	Please return your rented car to our garage.	You haven't returned your rented car 'Audi A7' to our garage yet.	2024-03-16 00:00:06.936827+05	2	t
12	Please return your rented car to our garage.	You haven't returned your rented car 'Audi A7' to our garage yet.	2024-03-16 00:00:04.812877+05	2	t
9	Please return your rented car to our garage.	You haven't returned your rented car 'Audi A7' to our garage yet.	2024-03-15 00:00:03.858677+05	2	t
5	Your Car was delivered	Your rented car 'Audi A7' was delivered to your doorstep successfully bu our end.	2024-03-13 06:32:38.580862+05	2	t
55	Car Rent Finished!	You didn't picked your rented car 'Audi A3' from our garage till last date so rent was finished.	2024-03-17 00:05:06.913169+05	2	t
54	Car Rent Finished!	You didn't picked your rented car 'Audi A3' from our garage till last date so rent was finished.	2024-03-17 00:05:05.64838+05	2	t
53	Your rent was finished.	You didn't picked your rented car 'Audi A3' so we finished your rent.	2024-03-17 00:05:03.116737+05	2	t
52	Your rent was finished.	You didn't picked your rented car 'Audi A3' so we finished your rent.	2024-03-17 00:05:02.911999+05	2	t
50	Please return your rented car to our garage.	You haven't returned your rented car 'Audi A7' to our garage yet.	2024-03-17 00:00:10.932922+05	2	t
48	Please return your rented car to our garage.	You haven't returned your rented car 'Audi A7' to our garage yet.	2024-03-17 00:00:03.812496+05	2	t
56	Your rent was finished.	You didn't picked your rented car 'Audi A7' so we finished your rent.	2024-03-20 22:52:05.571727+05	1	f
59	Your rent was finished.	You didn't picked your rented car 'Toyota GR Supra' so we finished your rent.	2024-03-20 22:52:41.928203+05	2	t
58	Your Car was returned.	Thank You for returning your car 'Audi A5' back to our Garage.	2024-03-20 22:52:31.1345+05	2	t
57	Your Car was delivered	Your rented car 'Audi A5' was delivered to your doorstep successfully bu our end.	2024-03-20 22:52:19.252902+05	2	t
73	Your Car was returned.	Thank You for returning your car 'Audi A5' back to our Garage.	2024-03-22 19:52:16.014438+05	2	t
72	Your Car was returned.	Thank You for returning your car 'Toyota GR Supra' back to our Garage.	2024-03-22 19:52:06.949328+05	2	t
71	Your Car was returned.	Thank You for returning your car 'Audi A3' back to our Garage.	2024-03-22 19:51:55.764948+05	2	t
70	Your Car was returned.	Thank You for returning your car 'Audi A4' back to our Garage.	2024-03-22 19:51:23.2069+05	2	t
69	Your Car was returned.	Thank You for returning your car 'Audi A6' back to our Garage.	2024-03-22 19:51:10.425799+05	2	t
68	Your Car was returned.	Thank You for returning your car 'Mercedes-Maybach S-Class' back to our Garage.	2024-03-22 19:50:57.031348+05	2	t
67	Your Car was delivered	Your rented car 'Mercedes-Maybach S-Class' was delivered to your doorstep successfully bu our end.	2024-03-22 19:47:03.665951+05	2	t
66	Your Car was delivered	Your rented car 'Audi A5' was delivered to your doorstep successfully bu our end.	2024-03-22 19:44:40.203719+05	2	t
65	Your Car was delivered	Your rented car 'Audi A5' was delivered to your doorstep successfully bu our end.	2024-03-22 19:42:04.762428+05	2	t
64	Your Car was delivered	Your rented car 'Toyota GR Supra' was delivered to your doorstep successfully bu our end.	2024-03-22 19:39:45.800874+05	2	t
63	Your Car was delivered	Your rented car 'Audi A3' was delivered to your doorstep successfully bu our end.	2024-03-22 19:38:34.93092+05	2	t
62	Your Car was delivered	Your rented car 'Audi A4' was delivered to your doorstep successfully bu our end.	2024-03-22 19:37:11.352433+05	2	t
61	Your Car was delivered	Your rented car 'Audi A6' was delivered to your doorstep successfully bu our end.	2024-03-22 19:34:25.897109+05	2	t
60	Your Car was delivered	Your rented car 'Mercedes-Maybach S-Class' was delivered to your doorstep successfully bu our end.	2024-03-22 19:28:13.328483+05	2	t
\.


--
-- Data for Name: users_saved_car; Type: TABLE DATA; Schema: public; Owner: postgres
--

COPY public.users_saved_car (id, car_id, user_id) FROM stdin;
53	13	1
54	11	1
74	15	2
75	1	2
124	7	2
126	1	1
\.


--
-- Data for Name: users_userprofile; Type: TABLE DATA; Schema: public; Owner: postgres
--

COPY public.users_userprofile (id, profile_pic, created_at, user_id, first_name, last_name, cnic, contact) FROM stdin;
2		2024-02-11 23:39:36.244789+05	2	Shaheer	Mudassar	3520274101275	+92 306 4078601
3	Users/Profile_pics/review1_xIWhy4Q.jpeg	2024-02-26 21:49:24.36193+05	3	Shaheer	Mudassar	35323123213123	0306 4078601
1	Users/Profile_pics/IMG_20240308_002953_617.jpg	2024-02-10 07:40:44.054885+05	1	Shaheer	admin	3520274101275	+92 350 2423433
5		2024-03-20 22:39:59.470101+05	5	Bazar 	Sqaure	213213131312	2321312313
\.


--
-- Name: account_emailaddress_id_seq; Type: SEQUENCE SET; Schema: public; Owner: postgres
--

SELECT pg_catalog.setval('public.account_emailaddress_id_seq', 5, true);


--
-- Name: account_emailconfirmation_id_seq; Type: SEQUENCE SET; Schema: public; Owner: postgres
--

SELECT pg_catalog.setval('public.account_emailconfirmation_id_seq', 1, false);


--
-- Name: auth_group_id_seq; Type: SEQUENCE SET; Schema: public; Owner: postgres
--

SELECT pg_catalog.setval('public.auth_group_id_seq', 1, false);


--
-- Name: auth_group_permissions_id_seq; Type: SEQUENCE SET; Schema: public; Owner: postgres
--

SELECT pg_catalog.setval('public.auth_group_permissions_id_seq', 1, false);


--
-- Name: auth_permission_id_seq; Type: SEQUENCE SET; Schema: public; Owner: postgres
--

SELECT pg_catalog.setval('public.auth_permission_id_seq', 116, true);


--
-- Name: cars_brand_id_seq; Type: SEQUENCE SET; Schema: public; Owner: postgres
--

SELECT pg_catalog.setval('public.cars_brand_id_seq', 10, true);


--
-- Name: cars_car_id_seq; Type: SEQUENCE SET; Schema: public; Owner: postgres
--

SELECT pg_catalog.setval('public.cars_car_id_seq', 15, true);


--
-- Name: cars_carimages_id_seq; Type: SEQUENCE SET; Schema: public; Owner: postgres
--

SELECT pg_catalog.setval('public.cars_carimages_id_seq', 60, true);


--
-- Name: cars_category_id_seq; Type: SEQUENCE SET; Schema: public; Owner: postgres
--

SELECT pg_catalog.setval('public.cars_category_id_seq', 5, true);


--
-- Name: cars_features_id_seq; Type: SEQUENCE SET; Schema: public; Owner: postgres
--

SELECT pg_catalog.setval('public.cars_features_id_seq', 15, true);


--
-- Name: cars_fuel_type_id_seq; Type: SEQUENCE SET; Schema: public; Owner: postgres
--

SELECT pg_catalog.setval('public.cars_fuel_type_id_seq', 3, true);


--
-- Name: cars_review_id_seq; Type: SEQUENCE SET; Schema: public; Owner: postgres
--

SELECT pg_catalog.setval('public.cars_review_id_seq', 5, true);


--
-- Name: cars_specification_id_seq; Type: SEQUENCE SET; Schema: public; Owner: postgres
--

SELECT pg_catalog.setval('public.cars_specification_id_seq', 15, true);


--
-- Name: cars_transmission_id_seq; Type: SEQUENCE SET; Schema: public; Owner: postgres
--

SELECT pg_catalog.setval('public.cars_transmission_id_seq', 2, true);


--
-- Name: core_customization_id_seq; Type: SEQUENCE SET; Schema: public; Owner: postgres
--

SELECT pg_catalog.setval('public.core_customization_id_seq', 6, true);


--
-- Name: django_admin_log_id_seq; Type: SEQUENCE SET; Schema: public; Owner: postgres
--

SELECT pg_catalog.setval('public.django_admin_log_id_seq', 370, true);


--
-- Name: django_content_type_id_seq; Type: SEQUENCE SET; Schema: public; Owner: postgres
--

SELECT pg_catalog.setval('public.django_content_type_id_seq', 29, true);


--
-- Name: django_migrations_id_seq; Type: SEQUENCE SET; Schema: public; Owner: postgres
--

SELECT pg_catalog.setval('public.django_migrations_id_seq', 76, true);


--
-- Name: rent_extended_rent_id_seq; Type: SEQUENCE SET; Schema: public; Owner: postgres
--

SELECT pg_catalog.setval('public.rent_extended_rent_id_seq', 42, true);


--
-- Name: rent_rent_id_seq; Type: SEQUENCE SET; Schema: public; Owner: postgres
--

SELECT pg_catalog.setval('public.rent_rent_id_seq', 65, true);


--
-- Name: rent_rented_car_id_seq; Type: SEQUENCE SET; Schema: public; Owner: postgres
--

SELECT pg_catalog.setval('public.rent_rented_car_id_seq', 26, true);


--
-- Name: socialaccount_socialaccount_id_seq; Type: SEQUENCE SET; Schema: public; Owner: postgres
--

SELECT pg_catalog.setval('public.socialaccount_socialaccount_id_seq', 4, true);


--
-- Name: socialaccount_socialapp_id_seq; Type: SEQUENCE SET; Schema: public; Owner: postgres
--

SELECT pg_catalog.setval('public.socialaccount_socialapp_id_seq', 1, true);


--
-- Name: socialaccount_socialtoken_id_seq; Type: SEQUENCE SET; Schema: public; Owner: postgres
--

SELECT pg_catalog.setval('public.socialaccount_socialtoken_id_seq', 1, false);


--
-- Name: userauths_user_groups_id_seq; Type: SEQUENCE SET; Schema: public; Owner: postgres
--

SELECT pg_catalog.setval('public.userauths_user_groups_id_seq', 1, false);


--
-- Name: userauths_user_id_seq; Type: SEQUENCE SET; Schema: public; Owner: postgres
--

SELECT pg_catalog.setval('public.userauths_user_id_seq', 5, true);


--
-- Name: userauths_user_user_permissions_id_seq; Type: SEQUENCE SET; Schema: public; Owner: postgres
--

SELECT pg_catalog.setval('public.userauths_user_user_permissions_id_seq', 1, false);


--
-- Name: users_address_id_seq; Type: SEQUENCE SET; Schema: public; Owner: postgres
--

SELECT pg_catalog.setval('public.users_address_id_seq', 5, true);


--
-- Name: users_licensedetail_id_seq; Type: SEQUENCE SET; Schema: public; Owner: postgres
--

SELECT pg_catalog.setval('public.users_licensedetail_id_seq', 5, true);


--
-- Name: users_notification_id_seq; Type: SEQUENCE SET; Schema: public; Owner: postgres
--

SELECT pg_catalog.setval('public.users_notification_id_seq', 73, true);


--
-- Name: users_saved_car_id_seq; Type: SEQUENCE SET; Schema: public; Owner: postgres
--

SELECT pg_catalog.setval('public.users_saved_car_id_seq', 126, true);


--
-- Name: users_userprofile_id_seq; Type: SEQUENCE SET; Schema: public; Owner: postgres
--

SELECT pg_catalog.setval('public.users_userprofile_id_seq', 5, true);


--
-- Name: account_emailaddress account_emailaddress_pkey; Type: CONSTRAINT; Schema: public; Owner: postgres
--

ALTER TABLE ONLY public.account_emailaddress
    ADD CONSTRAINT account_emailaddress_pkey PRIMARY KEY (id);


--
-- Name: account_emailaddress account_emailaddress_user_id_email_987c8728_uniq; Type: CONSTRAINT; Schema: public; Owner: postgres
--

ALTER TABLE ONLY public.account_emailaddress
    ADD CONSTRAINT account_emailaddress_user_id_email_987c8728_uniq UNIQUE (user_id, email);


--
-- Name: account_emailconfirmation account_emailconfirmation_key_key; Type: CONSTRAINT; Schema: public; Owner: postgres
--

ALTER TABLE ONLY public.account_emailconfirmation
    ADD CONSTRAINT account_emailconfirmation_key_key UNIQUE (key);


--
-- Name: account_emailconfirmation account_emailconfirmation_pkey; Type: CONSTRAINT; Schema: public; Owner: postgres
--

ALTER TABLE ONLY public.account_emailconfirmation
    ADD CONSTRAINT account_emailconfirmation_pkey PRIMARY KEY (id);


--
-- Name: auth_group auth_group_name_key; Type: CONSTRAINT; Schema: public; Owner: postgres
--

ALTER TABLE ONLY public.auth_group
    ADD CONSTRAINT auth_group_name_key UNIQUE (name);


--
-- Name: auth_group_permissions auth_group_permissions_group_id_permission_id_0cd325b0_uniq; Type: CONSTRAINT; Schema: public; Owner: postgres
--

ALTER TABLE ONLY public.auth_group_permissions
    ADD CONSTRAINT auth_group_permissions_group_id_permission_id_0cd325b0_uniq UNIQUE (group_id, permission_id);


--
-- Name: auth_group_permissions auth_group_permissions_pkey; Type: CONSTRAINT; Schema: public; Owner: postgres
--

ALTER TABLE ONLY public.auth_group_permissions
    ADD CONSTRAINT auth_group_permissions_pkey PRIMARY KEY (id);


--
-- Name: auth_group auth_group_pkey; Type: CONSTRAINT; Schema: public; Owner: postgres
--

ALTER TABLE ONLY public.auth_group
    ADD CONSTRAINT auth_group_pkey PRIMARY KEY (id);


--
-- Name: auth_permission auth_permission_content_type_id_codename_01ab375a_uniq; Type: CONSTRAINT; Schema: public; Owner: postgres
--

ALTER TABLE ONLY public.auth_permission
    ADD CONSTRAINT auth_permission_content_type_id_codename_01ab375a_uniq UNIQUE (content_type_id, codename);


--
-- Name: auth_permission auth_permission_pkey; Type: CONSTRAINT; Schema: public; Owner: postgres
--

ALTER TABLE ONLY public.auth_permission
    ADD CONSTRAINT auth_permission_pkey PRIMARY KEY (id);


--
-- Name: cars_brand cars_brand_name_4e0b14a1_uniq; Type: CONSTRAINT; Schema: public; Owner: postgres
--

ALTER TABLE ONLY public.cars_brand
    ADD CONSTRAINT cars_brand_name_4e0b14a1_uniq UNIQUE (name);


--
-- Name: cars_brand cars_brand_pkey; Type: CONSTRAINT; Schema: public; Owner: postgres
--

ALTER TABLE ONLY public.cars_brand
    ADD CONSTRAINT cars_brand_pkey PRIMARY KEY (id);


--
-- Name: cars_car cars_car_pkey; Type: CONSTRAINT; Schema: public; Owner: postgres
--

ALTER TABLE ONLY public.cars_car
    ADD CONSTRAINT cars_car_pkey PRIMARY KEY (id);


--
-- Name: cars_carimages cars_carimages_pkey; Type: CONSTRAINT; Schema: public; Owner: postgres
--

ALTER TABLE ONLY public.cars_carimages
    ADD CONSTRAINT cars_carimages_pkey PRIMARY KEY (id);


--
-- Name: cars_category cars_category_pkey; Type: CONSTRAINT; Schema: public; Owner: postgres
--

ALTER TABLE ONLY public.cars_category
    ADD CONSTRAINT cars_category_pkey PRIMARY KEY (id);


--
-- Name: cars_features cars_features_car_id_eeb8e98d_uniq; Type: CONSTRAINT; Schema: public; Owner: postgres
--

ALTER TABLE ONLY public.cars_features
    ADD CONSTRAINT cars_features_car_id_eeb8e98d_uniq UNIQUE (car_id);


--
-- Name: cars_features cars_features_pkey; Type: CONSTRAINT; Schema: public; Owner: postgres
--

ALTER TABLE ONLY public.cars_features
    ADD CONSTRAINT cars_features_pkey PRIMARY KEY (id);


--
-- Name: cars_fuel_type cars_fuel_type_pkey; Type: CONSTRAINT; Schema: public; Owner: postgres
--

ALTER TABLE ONLY public.cars_fuel_type
    ADD CONSTRAINT cars_fuel_type_pkey PRIMARY KEY (id);


--
-- Name: cars_review cars_review_pkey; Type: CONSTRAINT; Schema: public; Owner: postgres
--

ALTER TABLE ONLY public.cars_review
    ADD CONSTRAINT cars_review_pkey PRIMARY KEY (id);


--
-- Name: cars_specification cars_specification_car_id_45b8b990_uniq; Type: CONSTRAINT; Schema: public; Owner: postgres
--

ALTER TABLE ONLY public.cars_specification
    ADD CONSTRAINT cars_specification_car_id_45b8b990_uniq UNIQUE (car_id);


--
-- Name: cars_specification cars_specification_pkey; Type: CONSTRAINT; Schema: public; Owner: postgres
--

ALTER TABLE ONLY public.cars_specification
    ADD CONSTRAINT cars_specification_pkey PRIMARY KEY (id);


--
-- Name: cars_transmission cars_transmission_pkey; Type: CONSTRAINT; Schema: public; Owner: postgres
--

ALTER TABLE ONLY public.cars_transmission
    ADD CONSTRAINT cars_transmission_pkey PRIMARY KEY (id);


--
-- Name: core_customization core_customization_pkey; Type: CONSTRAINT; Schema: public; Owner: postgres
--

ALTER TABLE ONLY public.core_customization
    ADD CONSTRAINT core_customization_pkey PRIMARY KEY (id);


--
-- Name: django_admin_log django_admin_log_pkey; Type: CONSTRAINT; Schema: public; Owner: postgres
--

ALTER TABLE ONLY public.django_admin_log
    ADD CONSTRAINT django_admin_log_pkey PRIMARY KEY (id);


--
-- Name: django_content_type django_content_type_app_label_model_76bd3d3b_uniq; Type: CONSTRAINT; Schema: public; Owner: postgres
--

ALTER TABLE ONLY public.django_content_type
    ADD CONSTRAINT django_content_type_app_label_model_76bd3d3b_uniq UNIQUE (app_label, model);


--
-- Name: django_content_type django_content_type_pkey; Type: CONSTRAINT; Schema: public; Owner: postgres
--

ALTER TABLE ONLY public.django_content_type
    ADD CONSTRAINT django_content_type_pkey PRIMARY KEY (id);


--
-- Name: django_migrations django_migrations_pkey; Type: CONSTRAINT; Schema: public; Owner: postgres
--

ALTER TABLE ONLY public.django_migrations
    ADD CONSTRAINT django_migrations_pkey PRIMARY KEY (id);


--
-- Name: django_session django_session_pkey; Type: CONSTRAINT; Schema: public; Owner: postgres
--

ALTER TABLE ONLY public.django_session
    ADD CONSTRAINT django_session_pkey PRIMARY KEY (session_key);


--
-- Name: rent_extended_rent rent_extended_rent_erid_key; Type: CONSTRAINT; Schema: public; Owner: postgres
--

ALTER TABLE ONLY public.rent_extended_rent
    ADD CONSTRAINT rent_extended_rent_erid_key UNIQUE (erid);


--
-- Name: rent_extended_rent rent_extended_rent_pkey; Type: CONSTRAINT; Schema: public; Owner: postgres
--

ALTER TABLE ONLY public.rent_extended_rent
    ADD CONSTRAINT rent_extended_rent_pkey PRIMARY KEY (id);


--
-- Name: rent_extended_rent rent_extended_rent_rent_id_b5f63cb3_uniq; Type: CONSTRAINT; Schema: public; Owner: postgres
--

ALTER TABLE ONLY public.rent_extended_rent
    ADD CONSTRAINT rent_extended_rent_rent_id_b5f63cb3_uniq UNIQUE (rent_id);


--
-- Name: rent_rent rent_rent_pkey; Type: CONSTRAINT; Schema: public; Owner: postgres
--

ALTER TABLE ONLY public.rent_rent
    ADD CONSTRAINT rent_rent_pkey PRIMARY KEY (id);


--
-- Name: rent_rent rent_rent_rid_key; Type: CONSTRAINT; Schema: public; Owner: postgres
--

ALTER TABLE ONLY public.rent_rent
    ADD CONSTRAINT rent_rent_rid_key UNIQUE (rid);


--
-- Name: rent_rented_car rent_rented_car_pkey; Type: CONSTRAINT; Schema: public; Owner: postgres
--

ALTER TABLE ONLY public.rent_rented_car
    ADD CONSTRAINT rent_rented_car_pkey PRIMARY KEY (id);


--
-- Name: rent_rented_car rent_rented_car_rent_id_key; Type: CONSTRAINT; Schema: public; Owner: postgres
--

ALTER TABLE ONLY public.rent_rented_car
    ADD CONSTRAINT rent_rented_car_rent_id_key UNIQUE (rent_id);


--
-- Name: socialaccount_socialaccount socialaccount_socialaccount_pkey; Type: CONSTRAINT; Schema: public; Owner: postgres
--

ALTER TABLE ONLY public.socialaccount_socialaccount
    ADD CONSTRAINT socialaccount_socialaccount_pkey PRIMARY KEY (id);


--
-- Name: socialaccount_socialaccount socialaccount_socialaccount_provider_uid_fc810c6e_uniq; Type: CONSTRAINT; Schema: public; Owner: postgres
--

ALTER TABLE ONLY public.socialaccount_socialaccount
    ADD CONSTRAINT socialaccount_socialaccount_provider_uid_fc810c6e_uniq UNIQUE (provider, uid);


--
-- Name: socialaccount_socialapp socialaccount_socialapp_pkey; Type: CONSTRAINT; Schema: public; Owner: postgres
--

ALTER TABLE ONLY public.socialaccount_socialapp
    ADD CONSTRAINT socialaccount_socialapp_pkey PRIMARY KEY (id);


--
-- Name: socialaccount_socialtoken socialaccount_socialtoken_app_id_account_id_fca4e0ac_uniq; Type: CONSTRAINT; Schema: public; Owner: postgres
--

ALTER TABLE ONLY public.socialaccount_socialtoken
    ADD CONSTRAINT socialaccount_socialtoken_app_id_account_id_fca4e0ac_uniq UNIQUE (app_id, account_id);


--
-- Name: socialaccount_socialtoken socialaccount_socialtoken_pkey; Type: CONSTRAINT; Schema: public; Owner: postgres
--

ALTER TABLE ONLY public.socialaccount_socialtoken
    ADD CONSTRAINT socialaccount_socialtoken_pkey PRIMARY KEY (id);


--
-- Name: userauths_user userauths_user_email_key; Type: CONSTRAINT; Schema: public; Owner: postgres
--

ALTER TABLE ONLY public.userauths_user
    ADD CONSTRAINT userauths_user_email_key UNIQUE (email);


--
-- Name: userauths_user_groups userauths_user_groups_pkey; Type: CONSTRAINT; Schema: public; Owner: postgres
--

ALTER TABLE ONLY public.userauths_user_groups
    ADD CONSTRAINT userauths_user_groups_pkey PRIMARY KEY (id);


--
-- Name: userauths_user_groups userauths_user_groups_user_id_group_id_e032b670_uniq; Type: CONSTRAINT; Schema: public; Owner: postgres
--

ALTER TABLE ONLY public.userauths_user_groups
    ADD CONSTRAINT userauths_user_groups_user_id_group_id_e032b670_uniq UNIQUE (user_id, group_id);


--
-- Name: userauths_user userauths_user_pkey; Type: CONSTRAINT; Schema: public; Owner: postgres
--

ALTER TABLE ONLY public.userauths_user
    ADD CONSTRAINT userauths_user_pkey PRIMARY KEY (id);


--
-- Name: userauths_user_user_permissions userauths_user_user_perm_user_id_permission_id_5423ee7a_uniq; Type: CONSTRAINT; Schema: public; Owner: postgres
--

ALTER TABLE ONLY public.userauths_user_user_permissions
    ADD CONSTRAINT userauths_user_user_perm_user_id_permission_id_5423ee7a_uniq UNIQUE (user_id, permission_id);


--
-- Name: userauths_user_user_permissions userauths_user_user_permissions_pkey; Type: CONSTRAINT; Schema: public; Owner: postgres
--

ALTER TABLE ONLY public.userauths_user_user_permissions
    ADD CONSTRAINT userauths_user_user_permissions_pkey PRIMARY KEY (id);


--
-- Name: users_address users_address_pkey; Type: CONSTRAINT; Schema: public; Owner: postgres
--

ALTER TABLE ONLY public.users_address
    ADD CONSTRAINT users_address_pkey PRIMARY KEY (id);


--
-- Name: users_address users_address_user_id_4c106ba4_uniq; Type: CONSTRAINT; Schema: public; Owner: postgres
--

ALTER TABLE ONLY public.users_address
    ADD CONSTRAINT users_address_user_id_4c106ba4_uniq UNIQUE (user_id);


--
-- Name: users_licensedetail users_licensedetail_pkey; Type: CONSTRAINT; Schema: public; Owner: postgres
--

ALTER TABLE ONLY public.users_licensedetail
    ADD CONSTRAINT users_licensedetail_pkey PRIMARY KEY (id);


--
-- Name: users_licensedetail users_licensedetail_user_id_key; Type: CONSTRAINT; Schema: public; Owner: postgres
--

ALTER TABLE ONLY public.users_licensedetail
    ADD CONSTRAINT users_licensedetail_user_id_key UNIQUE (user_id);


--
-- Name: users_notification users_notification_pkey; Type: CONSTRAINT; Schema: public; Owner: postgres
--

ALTER TABLE ONLY public.users_notification
    ADD CONSTRAINT users_notification_pkey PRIMARY KEY (id);


--
-- Name: users_saved_car users_saved_car_pkey; Type: CONSTRAINT; Schema: public; Owner: postgres
--

ALTER TABLE ONLY public.users_saved_car
    ADD CONSTRAINT users_saved_car_pkey PRIMARY KEY (id);


--
-- Name: users_userprofile users_userprofile_pkey; Type: CONSTRAINT; Schema: public; Owner: postgres
--

ALTER TABLE ONLY public.users_userprofile
    ADD CONSTRAINT users_userprofile_pkey PRIMARY KEY (id);


--
-- Name: users_userprofile users_userprofile_user_id_87251ef1_uniq; Type: CONSTRAINT; Schema: public; Owner: postgres
--

ALTER TABLE ONLY public.users_userprofile
    ADD CONSTRAINT users_userprofile_user_id_87251ef1_uniq UNIQUE (user_id);


--
-- Name: account_emailaddress_upper; Type: INDEX; Schema: public; Owner: postgres
--

CREATE INDEX account_emailaddress_upper ON public.account_emailaddress USING btree (upper((email)::text));


--
-- Name: account_emailaddress_user_id_2c513194; Type: INDEX; Schema: public; Owner: postgres
--

CREATE INDEX account_emailaddress_user_id_2c513194 ON public.account_emailaddress USING btree (user_id);


--
-- Name: account_emailconfirmation_email_address_id_5b7f8c58; Type: INDEX; Schema: public; Owner: postgres
--

CREATE INDEX account_emailconfirmation_email_address_id_5b7f8c58 ON public.account_emailconfirmation USING btree (email_address_id);


--
-- Name: account_emailconfirmation_key_f43612bd_like; Type: INDEX; Schema: public; Owner: postgres
--

CREATE INDEX account_emailconfirmation_key_f43612bd_like ON public.account_emailconfirmation USING btree (key varchar_pattern_ops);


--
-- Name: auth_group_name_a6ea08ec_like; Type: INDEX; Schema: public; Owner: postgres
--

CREATE INDEX auth_group_name_a6ea08ec_like ON public.auth_group USING btree (name varchar_pattern_ops);


--
-- Name: auth_group_permissions_group_id_b120cbf9; Type: INDEX; Schema: public; Owner: postgres
--

CREATE INDEX auth_group_permissions_group_id_b120cbf9 ON public.auth_group_permissions USING btree (group_id);


--
-- Name: auth_group_permissions_permission_id_84c5c92e; Type: INDEX; Schema: public; Owner: postgres
--

CREATE INDEX auth_group_permissions_permission_id_84c5c92e ON public.auth_group_permissions USING btree (permission_id);


--
-- Name: auth_permission_content_type_id_2f476e4b; Type: INDEX; Schema: public; Owner: postgres
--

CREATE INDEX auth_permission_content_type_id_2f476e4b ON public.auth_permission USING btree (content_type_id);


--
-- Name: cars_brand_name_4e0b14a1_like; Type: INDEX; Schema: public; Owner: postgres
--

CREATE INDEX cars_brand_name_4e0b14a1_like ON public.cars_brand USING btree (name varchar_pattern_ops);


--
-- Name: cars_car_brand_id_c90a4eb4; Type: INDEX; Schema: public; Owner: postgres
--

CREATE INDEX cars_car_brand_id_c90a4eb4 ON public.cars_car USING btree (brand_id);


--
-- Name: cars_car_category_id_70d75aa3; Type: INDEX; Schema: public; Owner: postgres
--

CREATE INDEX cars_car_category_id_70d75aa3 ON public.cars_car USING btree (category_id);


--
-- Name: cars_carimages_car_id_4a3ed20e; Type: INDEX; Schema: public; Owner: postgres
--

CREATE INDEX cars_carimages_car_id_4a3ed20e ON public.cars_carimages USING btree (car_id);


--
-- Name: cars_review_car_id_9cbdb9bc; Type: INDEX; Schema: public; Owner: postgres
--

CREATE INDEX cars_review_car_id_9cbdb9bc ON public.cars_review USING btree (car_id);


--
-- Name: cars_review_user_id_a728aa3e; Type: INDEX; Schema: public; Owner: postgres
--

CREATE INDEX cars_review_user_id_a728aa3e ON public.cars_review USING btree (user_id);


--
-- Name: cars_specification_fuel_type_id_8f793ca7; Type: INDEX; Schema: public; Owner: postgres
--

CREATE INDEX cars_specification_fuel_type_id_8f793ca7 ON public.cars_specification USING btree (fuel_type_id);


--
-- Name: cars_specification_transmission_id_c7be641c; Type: INDEX; Schema: public; Owner: postgres
--

CREATE INDEX cars_specification_transmission_id_c7be641c ON public.cars_specification USING btree (transmission_id);


--
-- Name: django_admin_log_content_type_id_c4bce8eb; Type: INDEX; Schema: public; Owner: postgres
--

CREATE INDEX django_admin_log_content_type_id_c4bce8eb ON public.django_admin_log USING btree (content_type_id);


--
-- Name: django_admin_log_user_id_c564eba6; Type: INDEX; Schema: public; Owner: postgres
--

CREATE INDEX django_admin_log_user_id_c564eba6 ON public.django_admin_log USING btree (user_id);


--
-- Name: django_session_expire_date_a5c62663; Type: INDEX; Schema: public; Owner: postgres
--

CREATE INDEX django_session_expire_date_a5c62663 ON public.django_session USING btree (expire_date);


--
-- Name: django_session_session_key_c0390e0f_like; Type: INDEX; Schema: public; Owner: postgres
--

CREATE INDEX django_session_session_key_c0390e0f_like ON public.django_session USING btree (session_key varchar_pattern_ops);


--
-- Name: rent_extended_rent_erid_106fee77_like; Type: INDEX; Schema: public; Owner: postgres
--

CREATE INDEX rent_extended_rent_erid_106fee77_like ON public.rent_extended_rent USING btree (erid varchar_pattern_ops);


--
-- Name: rent_rent_car_id_6f294939; Type: INDEX; Schema: public; Owner: postgres
--

CREATE INDEX rent_rent_car_id_6f294939 ON public.rent_rent USING btree (car_id);


--
-- Name: rent_rent_rid_6f8ee2ce_like; Type: INDEX; Schema: public; Owner: postgres
--

CREATE INDEX rent_rent_rid_6f8ee2ce_like ON public.rent_rent USING btree (rid varchar_pattern_ops);


--
-- Name: rent_rent_user_id_07f92b1b; Type: INDEX; Schema: public; Owner: postgres
--

CREATE INDEX rent_rent_user_id_07f92b1b ON public.rent_rent USING btree (user_id);


--
-- Name: socialaccount_socialaccount_user_id_8146e70c; Type: INDEX; Schema: public; Owner: postgres
--

CREATE INDEX socialaccount_socialaccount_user_id_8146e70c ON public.socialaccount_socialaccount USING btree (user_id);


--
-- Name: socialaccount_socialtoken_account_id_951f210e; Type: INDEX; Schema: public; Owner: postgres
--

CREATE INDEX socialaccount_socialtoken_account_id_951f210e ON public.socialaccount_socialtoken USING btree (account_id);


--
-- Name: socialaccount_socialtoken_app_id_636a42d7; Type: INDEX; Schema: public; Owner: postgres
--

CREATE INDEX socialaccount_socialtoken_app_id_636a42d7 ON public.socialaccount_socialtoken USING btree (app_id);


--
-- Name: unique_verified_email; Type: INDEX; Schema: public; Owner: postgres
--

CREATE UNIQUE INDEX unique_verified_email ON public.account_emailaddress USING btree (email) WHERE verified;


--
-- Name: userauths_user_email_5e5b59e6_like; Type: INDEX; Schema: public; Owner: postgres
--

CREATE INDEX userauths_user_email_5e5b59e6_like ON public.userauths_user USING btree (email varchar_pattern_ops);


--
-- Name: userauths_user_groups_group_id_2bd3d457; Type: INDEX; Schema: public; Owner: postgres
--

CREATE INDEX userauths_user_groups_group_id_2bd3d457 ON public.userauths_user_groups USING btree (group_id);


--
-- Name: userauths_user_groups_user_id_70ad3415; Type: INDEX; Schema: public; Owner: postgres
--

CREATE INDEX userauths_user_groups_user_id_70ad3415 ON public.userauths_user_groups USING btree (user_id);


--
-- Name: userauths_user_user_permissions_permission_id_0e980ebe; Type: INDEX; Schema: public; Owner: postgres
--

CREATE INDEX userauths_user_user_permissions_permission_id_0e980ebe ON public.userauths_user_user_permissions USING btree (permission_id);


--
-- Name: userauths_user_user_permissions_user_id_7dc84ca3; Type: INDEX; Schema: public; Owner: postgres
--

CREATE INDEX userauths_user_user_permissions_user_id_7dc84ca3 ON public.userauths_user_user_permissions USING btree (user_id);


--
-- Name: users_address_profile_id_e071144f; Type: INDEX; Schema: public; Owner: postgres
--

CREATE INDEX users_address_profile_id_e071144f ON public.users_address USING btree (profile_id);


--
-- Name: users_notification_user_id_fed360c8; Type: INDEX; Schema: public; Owner: postgres
--

CREATE INDEX users_notification_user_id_fed360c8 ON public.users_notification USING btree (user_id);


--
-- Name: users_saved_car_car_id_a0d4b3c8; Type: INDEX; Schema: public; Owner: postgres
--

CREATE INDEX users_saved_car_car_id_a0d4b3c8 ON public.users_saved_car USING btree (car_id);


--
-- Name: users_saved_car_user_id_2461985e; Type: INDEX; Schema: public; Owner: postgres
--

CREATE INDEX users_saved_car_user_id_2461985e ON public.users_saved_car USING btree (user_id);


--
-- Name: account_emailaddress account_emailaddress_user_id_2c513194_fk_userauths_user_id; Type: FK CONSTRAINT; Schema: public; Owner: postgres
--

ALTER TABLE ONLY public.account_emailaddress
    ADD CONSTRAINT account_emailaddress_user_id_2c513194_fk_userauths_user_id FOREIGN KEY (user_id) REFERENCES public.userauths_user(id) DEFERRABLE INITIALLY DEFERRED;


--
-- Name: account_emailconfirmation account_emailconfirm_email_address_id_5b7f8c58_fk_account_e; Type: FK CONSTRAINT; Schema: public; Owner: postgres
--

ALTER TABLE ONLY public.account_emailconfirmation
    ADD CONSTRAINT account_emailconfirm_email_address_id_5b7f8c58_fk_account_e FOREIGN KEY (email_address_id) REFERENCES public.account_emailaddress(id) DEFERRABLE INITIALLY DEFERRED;


--
-- Name: auth_group_permissions auth_group_permissio_permission_id_84c5c92e_fk_auth_perm; Type: FK CONSTRAINT; Schema: public; Owner: postgres
--

ALTER TABLE ONLY public.auth_group_permissions
    ADD CONSTRAINT auth_group_permissio_permission_id_84c5c92e_fk_auth_perm FOREIGN KEY (permission_id) REFERENCES public.auth_permission(id) DEFERRABLE INITIALLY DEFERRED;


--
-- Name: auth_group_permissions auth_group_permissions_group_id_b120cbf9_fk_auth_group_id; Type: FK CONSTRAINT; Schema: public; Owner: postgres
--

ALTER TABLE ONLY public.auth_group_permissions
    ADD CONSTRAINT auth_group_permissions_group_id_b120cbf9_fk_auth_group_id FOREIGN KEY (group_id) REFERENCES public.auth_group(id) DEFERRABLE INITIALLY DEFERRED;


--
-- Name: auth_permission auth_permission_content_type_id_2f476e4b_fk_django_co; Type: FK CONSTRAINT; Schema: public; Owner: postgres
--

ALTER TABLE ONLY public.auth_permission
    ADD CONSTRAINT auth_permission_content_type_id_2f476e4b_fk_django_co FOREIGN KEY (content_type_id) REFERENCES public.django_content_type(id) DEFERRABLE INITIALLY DEFERRED;


--
-- Name: cars_car cars_car_brand_id_c90a4eb4_fk_cars_brand_id; Type: FK CONSTRAINT; Schema: public; Owner: postgres
--

ALTER TABLE ONLY public.cars_car
    ADD CONSTRAINT cars_car_brand_id_c90a4eb4_fk_cars_brand_id FOREIGN KEY (brand_id) REFERENCES public.cars_brand(id) DEFERRABLE INITIALLY DEFERRED;


--
-- Name: cars_car cars_car_category_id_70d75aa3_fk_cars_category_id; Type: FK CONSTRAINT; Schema: public; Owner: postgres
--

ALTER TABLE ONLY public.cars_car
    ADD CONSTRAINT cars_car_category_id_70d75aa3_fk_cars_category_id FOREIGN KEY (category_id) REFERENCES public.cars_category(id) DEFERRABLE INITIALLY DEFERRED;


--
-- Name: cars_carimages cars_carimages_car_id_4a3ed20e_fk_cars_car_id; Type: FK CONSTRAINT; Schema: public; Owner: postgres
--

ALTER TABLE ONLY public.cars_carimages
    ADD CONSTRAINT cars_carimages_car_id_4a3ed20e_fk_cars_car_id FOREIGN KEY (car_id) REFERENCES public.cars_car(id) DEFERRABLE INITIALLY DEFERRED;


--
-- Name: cars_features cars_features_car_id_eeb8e98d_fk_cars_car_id; Type: FK CONSTRAINT; Schema: public; Owner: postgres
--

ALTER TABLE ONLY public.cars_features
    ADD CONSTRAINT cars_features_car_id_eeb8e98d_fk_cars_car_id FOREIGN KEY (car_id) REFERENCES public.cars_car(id) DEFERRABLE INITIALLY DEFERRED;


--
-- Name: cars_review cars_review_car_id_9cbdb9bc_fk_cars_car_id; Type: FK CONSTRAINT; Schema: public; Owner: postgres
--

ALTER TABLE ONLY public.cars_review
    ADD CONSTRAINT cars_review_car_id_9cbdb9bc_fk_cars_car_id FOREIGN KEY (car_id) REFERENCES public.cars_car(id) DEFERRABLE INITIALLY DEFERRED;


--
-- Name: cars_review cars_review_user_id_a728aa3e_fk_userauths_user_id; Type: FK CONSTRAINT; Schema: public; Owner: postgres
--

ALTER TABLE ONLY public.cars_review
    ADD CONSTRAINT cars_review_user_id_a728aa3e_fk_userauths_user_id FOREIGN KEY (user_id) REFERENCES public.userauths_user(id) DEFERRABLE INITIALLY DEFERRED;


--
-- Name: cars_specification cars_specification_car_id_45b8b990_fk_cars_car_id; Type: FK CONSTRAINT; Schema: public; Owner: postgres
--

ALTER TABLE ONLY public.cars_specification
    ADD CONSTRAINT cars_specification_car_id_45b8b990_fk_cars_car_id FOREIGN KEY (car_id) REFERENCES public.cars_car(id) DEFERRABLE INITIALLY DEFERRED;


--
-- Name: cars_specification cars_specification_fuel_type_id_8f793ca7_fk_cars_fuel_type_id; Type: FK CONSTRAINT; Schema: public; Owner: postgres
--

ALTER TABLE ONLY public.cars_specification
    ADD CONSTRAINT cars_specification_fuel_type_id_8f793ca7_fk_cars_fuel_type_id FOREIGN KEY (fuel_type_id) REFERENCES public.cars_fuel_type(id) DEFERRABLE INITIALLY DEFERRED;


--
-- Name: cars_specification cars_specification_transmission_id_c7be641c_fk_cars_tran; Type: FK CONSTRAINT; Schema: public; Owner: postgres
--

ALTER TABLE ONLY public.cars_specification
    ADD CONSTRAINT cars_specification_transmission_id_c7be641c_fk_cars_tran FOREIGN KEY (transmission_id) REFERENCES public.cars_transmission(id) DEFERRABLE INITIALLY DEFERRED;


--
-- Name: django_admin_log django_admin_log_content_type_id_c4bce8eb_fk_django_co; Type: FK CONSTRAINT; Schema: public; Owner: postgres
--

ALTER TABLE ONLY public.django_admin_log
    ADD CONSTRAINT django_admin_log_content_type_id_c4bce8eb_fk_django_co FOREIGN KEY (content_type_id) REFERENCES public.django_content_type(id) DEFERRABLE INITIALLY DEFERRED;


--
-- Name: django_admin_log django_admin_log_user_id_c564eba6_fk_userauths_user_id; Type: FK CONSTRAINT; Schema: public; Owner: postgres
--

ALTER TABLE ONLY public.django_admin_log
    ADD CONSTRAINT django_admin_log_user_id_c564eba6_fk_userauths_user_id FOREIGN KEY (user_id) REFERENCES public.userauths_user(id) DEFERRABLE INITIALLY DEFERRED;


--
-- Name: rent_extended_rent rent_extended_rent_rent_id_b5f63cb3_fk_rent_rent_id; Type: FK CONSTRAINT; Schema: public; Owner: postgres
--

ALTER TABLE ONLY public.rent_extended_rent
    ADD CONSTRAINT rent_extended_rent_rent_id_b5f63cb3_fk_rent_rent_id FOREIGN KEY (rent_id) REFERENCES public.rent_rent(id) DEFERRABLE INITIALLY DEFERRED;


--
-- Name: rent_rent rent_rent_car_id_6f294939_fk_cars_car_id; Type: FK CONSTRAINT; Schema: public; Owner: postgres
--

ALTER TABLE ONLY public.rent_rent
    ADD CONSTRAINT rent_rent_car_id_6f294939_fk_cars_car_id FOREIGN KEY (car_id) REFERENCES public.cars_car(id) DEFERRABLE INITIALLY DEFERRED;


--
-- Name: rent_rent rent_rent_user_id_07f92b1b_fk_userauths_user_id; Type: FK CONSTRAINT; Schema: public; Owner: postgres
--

ALTER TABLE ONLY public.rent_rent
    ADD CONSTRAINT rent_rent_user_id_07f92b1b_fk_userauths_user_id FOREIGN KEY (user_id) REFERENCES public.userauths_user(id) DEFERRABLE INITIALLY DEFERRED;


--
-- Name: rent_rented_car rent_rented_car_rent_id_15d17433_fk_rent_rent_id; Type: FK CONSTRAINT; Schema: public; Owner: postgres
--

ALTER TABLE ONLY public.rent_rented_car
    ADD CONSTRAINT rent_rented_car_rent_id_15d17433_fk_rent_rent_id FOREIGN KEY (rent_id) REFERENCES public.rent_rent(id) DEFERRABLE INITIALLY DEFERRED;


--
-- Name: socialaccount_socialtoken socialaccount_social_account_id_951f210e_fk_socialacc; Type: FK CONSTRAINT; Schema: public; Owner: postgres
--

ALTER TABLE ONLY public.socialaccount_socialtoken
    ADD CONSTRAINT socialaccount_social_account_id_951f210e_fk_socialacc FOREIGN KEY (account_id) REFERENCES public.socialaccount_socialaccount(id) DEFERRABLE INITIALLY DEFERRED;


--
-- Name: socialaccount_socialtoken socialaccount_social_app_id_636a42d7_fk_socialacc; Type: FK CONSTRAINT; Schema: public; Owner: postgres
--

ALTER TABLE ONLY public.socialaccount_socialtoken
    ADD CONSTRAINT socialaccount_social_app_id_636a42d7_fk_socialacc FOREIGN KEY (app_id) REFERENCES public.socialaccount_socialapp(id) DEFERRABLE INITIALLY DEFERRED;


--
-- Name: socialaccount_socialaccount socialaccount_social_user_id_8146e70c_fk_userauths; Type: FK CONSTRAINT; Schema: public; Owner: postgres
--

ALTER TABLE ONLY public.socialaccount_socialaccount
    ADD CONSTRAINT socialaccount_social_user_id_8146e70c_fk_userauths FOREIGN KEY (user_id) REFERENCES public.userauths_user(id) DEFERRABLE INITIALLY DEFERRED;


--
-- Name: userauths_user_groups userauths_user_groups_group_id_2bd3d457_fk_auth_group_id; Type: FK CONSTRAINT; Schema: public; Owner: postgres
--

ALTER TABLE ONLY public.userauths_user_groups
    ADD CONSTRAINT userauths_user_groups_group_id_2bd3d457_fk_auth_group_id FOREIGN KEY (group_id) REFERENCES public.auth_group(id) DEFERRABLE INITIALLY DEFERRED;


--
-- Name: userauths_user_groups userauths_user_groups_user_id_70ad3415_fk_userauths_user_id; Type: FK CONSTRAINT; Schema: public; Owner: postgres
--

ALTER TABLE ONLY public.userauths_user_groups
    ADD CONSTRAINT userauths_user_groups_user_id_70ad3415_fk_userauths_user_id FOREIGN KEY (user_id) REFERENCES public.userauths_user(id) DEFERRABLE INITIALLY DEFERRED;


--
-- Name: userauths_user_user_permissions userauths_user_user__permission_id_0e980ebe_fk_auth_perm; Type: FK CONSTRAINT; Schema: public; Owner: postgres
--

ALTER TABLE ONLY public.userauths_user_user_permissions
    ADD CONSTRAINT userauths_user_user__permission_id_0e980ebe_fk_auth_perm FOREIGN KEY (permission_id) REFERENCES public.auth_permission(id) DEFERRABLE INITIALLY DEFERRED;


--
-- Name: userauths_user_user_permissions userauths_user_user__user_id_7dc84ca3_fk_userauths; Type: FK CONSTRAINT; Schema: public; Owner: postgres
--

ALTER TABLE ONLY public.userauths_user_user_permissions
    ADD CONSTRAINT userauths_user_user__user_id_7dc84ca3_fk_userauths FOREIGN KEY (user_id) REFERENCES public.userauths_user(id) DEFERRABLE INITIALLY DEFERRED;


--
-- Name: users_address users_address_profile_id_e071144f_fk_users_userprofile_id; Type: FK CONSTRAINT; Schema: public; Owner: postgres
--

ALTER TABLE ONLY public.users_address
    ADD CONSTRAINT users_address_profile_id_e071144f_fk_users_userprofile_id FOREIGN KEY (profile_id) REFERENCES public.users_userprofile(id) DEFERRABLE INITIALLY DEFERRED;


--
-- Name: users_address users_address_user_id_4c106ba4_fk_userauths_user_id; Type: FK CONSTRAINT; Schema: public; Owner: postgres
--

ALTER TABLE ONLY public.users_address
    ADD CONSTRAINT users_address_user_id_4c106ba4_fk_userauths_user_id FOREIGN KEY (user_id) REFERENCES public.userauths_user(id) DEFERRABLE INITIALLY DEFERRED;


--
-- Name: users_licensedetail users_licensedetail_user_id_47db10e1_fk_userauths_user_id; Type: FK CONSTRAINT; Schema: public; Owner: postgres
--

ALTER TABLE ONLY public.users_licensedetail
    ADD CONSTRAINT users_licensedetail_user_id_47db10e1_fk_userauths_user_id FOREIGN KEY (user_id) REFERENCES public.userauths_user(id) DEFERRABLE INITIALLY DEFERRED;


--
-- Name: users_notification users_notification_user_id_fed360c8_fk_userauths_user_id; Type: FK CONSTRAINT; Schema: public; Owner: postgres
--

ALTER TABLE ONLY public.users_notification
    ADD CONSTRAINT users_notification_user_id_fed360c8_fk_userauths_user_id FOREIGN KEY (user_id) REFERENCES public.userauths_user(id) DEFERRABLE INITIALLY DEFERRED;


--
-- Name: users_saved_car users_saved_car_car_id_a0d4b3c8_fk_cars_car_id; Type: FK CONSTRAINT; Schema: public; Owner: postgres
--

ALTER TABLE ONLY public.users_saved_car
    ADD CONSTRAINT users_saved_car_car_id_a0d4b3c8_fk_cars_car_id FOREIGN KEY (car_id) REFERENCES public.cars_car(id) DEFERRABLE INITIALLY DEFERRED;


--
-- Name: users_saved_car users_saved_car_user_id_2461985e_fk_userauths_user_id; Type: FK CONSTRAINT; Schema: public; Owner: postgres
--

ALTER TABLE ONLY public.users_saved_car
    ADD CONSTRAINT users_saved_car_user_id_2461985e_fk_userauths_user_id FOREIGN KEY (user_id) REFERENCES public.userauths_user(id) DEFERRABLE INITIALLY DEFERRED;


--
-- Name: users_userprofile users_userprofile_user_id_87251ef1_fk_userauths_user_id; Type: FK CONSTRAINT; Schema: public; Owner: postgres
--

ALTER TABLE ONLY public.users_userprofile
    ADD CONSTRAINT users_userprofile_user_id_87251ef1_fk_userauths_user_id FOREIGN KEY (user_id) REFERENCES public.userauths_user(id) DEFERRABLE INITIALLY DEFERRED;


--
-- PostgreSQL database dump complete
--

