[
    {
        "model": "admin.logentry",
        "pk": 1,
        "fields": {
            "action_time": "2024-02-10T10:32:57.902Z",
            "user": 1,
            "content_type": 23,
            "object_id": "1",
            "object_repr": "shaheer10",
            "action_flag": 1,
            "change_message": "[{\"added\": {}}]"
        }
    },
    {
        "model": "admin.logentry",
        "pk": 2,
        "fields": {
            "action_time": "2024-02-10T11:11:12.027Z",
            "user": 1,
            "content_type": 23,
            "object_id": "2",
            "object_repr": "shaheer10",
            "action_flag": 1,
            "change_message": "[{\"added\": {}}]"
        }
    },
    {
        "model": "admin.logentry",
        "pk": 3,
        "fields": {
            "action_time": "2024-02-10T11:22:42.385Z",
            "user": 1,
            "content_type": 23,
            "object_id": "2",
            "object_repr": "shaheer10",
            "action_flag": 3,
            "change_message": ""
        }
    },
    {
        "model": "admin.logentry",
        "pk": 4,
        "fields": {
            "action_time": "2024-02-10T11:22:42.400Z",
            "user": 1,
            "content_type": 23,
            "object_id": "1",
            "object_repr": "shaheer10",
            "action_flag": 3,
            "change_message": ""
        }
    },
    {
        "model": "admin.logentry",
        "pk": 5,
        "fields": {
            "action_time": "2024-02-10T11:27:04.870Z",
            "user": 1,
            "content_type": 23,
            "object_id": "3",
            "object_repr": "shaheer10",
            "action_flag": 1,
            "change_message": "[{\"added\": {}}]"
        }
    },
    {
        "model": "admin.logentry",
        "pk": 38,
        "fields": {
            "action_time": "2024-02-11T18:07:16.259Z",
            "user": 1,
            "content_type": 9,
            "object_id": "1",
            "object_repr": "Google",
            "action_flag": 1,
            "change_message": "[{\"added\": {}}]"
        }
    },
    {
        "model": "admin.logentry",
        "pk": 39,
        "fields": {
            "action_time": "2024-02-11T19:12:10.698Z",
            "user": 1,
            "content_type": 11,
            "object_id": "2",
            "object_repr": "shaheer",
            "action_flag": 2,
            "change_message": "[{\"changed\": {\"fields\": [\"Superuser status\"]}}]"
        }
    },
    {
        "model": "admin.logentry",
        "pk": 40,
        "fields": {
            "action_time": "2024-02-12T06:47:53.985Z",
            "user": 1,
            "content_type": 15,
            "object_id": "3",
            "object_repr": "Audi A4",
            "action_flag": 1,
            "change_message": "[{\"added\": {}}, {\"added\": {\"name\": \"car images\", \"object\": \"CarImages object (9)\"}}, {\"added\": {\"name\": \"car images\", \"object\": \"CarImages object (10)\"}}, {\"added\": {\"name\": \"car images\", \"object\": \"CarImages object (11)\"}}, {\"added\": {\"name\": \"car images\", \"object\": \"CarImages object (12)\"}}, {\"added\": {\"name\": \"specification\", \"object\": \"Audi A4\"}}, {\"added\": {\"name\": \"features\", \"object\": \"Audi A4\"}}]"
        }
    },
    {
        "model": "admin.logentry",
        "pk": 41,
        "fields": {
            "action_time": "2024-02-12T07:06:25.610Z",
            "user": 1,
            "content_type": 15,
            "object_id": "4",
            "object_repr": "Audi A5",
            "action_flag": 1,
            "change_message": "[{\"added\": {}}, {\"added\": {\"name\": \"car images\", \"object\": \"CarImages object (13)\"}}, {\"added\": {\"name\": \"car images\", \"object\": \"CarImages object (14)\"}}, {\"added\": {\"name\": \"car images\", \"object\": \"CarImages object (15)\"}}, {\"added\": {\"name\": \"car images\", \"object\": \"CarImages object (16)\"}}, {\"added\": {\"name\": \"specification\", \"object\": \"Audi A5\"}}, {\"added\": {\"name\": \"features\", \"object\": \"Audi A5\"}}]"
        }
    },
    {
        "model": "admin.logentry",
        "pk": 42,
        "fields": {
            "action_time": "2024-02-12T07:15:17.056Z",
            "user": 1,
            "content_type": 15,
            "object_id": "5",
            "object_repr": "Audi A6",
            "action_flag": 1,
            "change_message": "[{\"added\": {}}, {\"added\": {\"name\": \"car images\", \"object\": \"CarImages object (17)\"}}, {\"added\": {\"name\": \"car images\", \"object\": \"CarImages object (18)\"}}, {\"added\": {\"name\": \"car images\", \"object\": \"CarImages object (19)\"}}, {\"added\": {\"name\": \"car images\", \"object\": \"CarImages object (20)\"}}]"
        }
    },
    {
        "model": "admin.logentry",
        "pk": 43,
        "fields": {
            "action_time": "2024-02-12T08:54:53.781Z",
            "user": 1,
            "content_type": 15,
            "object_id": "6",
            "object_repr": "Audi E-Tron GT",
            "action_flag": 1,
            "change_message": "[{\"added\": {}}, {\"added\": {\"name\": \"car images\", \"object\": \"CarImages object (21)\"}}, {\"added\": {\"name\": \"car images\", \"object\": \"CarImages object (22)\"}}, {\"added\": {\"name\": \"car images\", \"object\": \"CarImages object (23)\"}}, {\"added\": {\"name\": \"car images\", \"object\": \"CarImages object (24)\"}}]"
        }
    },
    {
        "model": "admin.logentry",
        "pk": 44,
        "fields": {
            "action_time": "2024-02-12T08:59:04.975Z",
            "user": 1,
            "content_type": 15,
            "object_id": "6",
            "object_repr": "Audi E-Tron GT",
            "action_flag": 2,
            "change_message": "[{\"added\": {\"name\": \"specification\", \"object\": \"Audi E-Tron GT\"}}, {\"added\": {\"name\": \"features\", \"object\": \"Audi E-Tron GT\"}}]"
        }
    },
    {
        "model": "admin.logentry",
        "pk": 45,
        "fields": {
            "action_time": "2024-02-12T15:38:40.622Z",
            "user": 1,
            "content_type": 15,
            "object_id": "5",
            "object_repr": "Audi A6",
            "action_flag": 2,
            "change_message": "[{\"added\": {\"name\": \"specification\", \"object\": \"Audi A6\"}}, {\"added\": {\"name\": \"features\", \"object\": \"Audi A6\"}}]"
        }
    },
    {
        "model": "admin.logentry",
        "pk": 46,
        "fields": {
            "action_time": "2024-02-12T15:39:13.871Z",
            "user": 1,
            "content_type": 15,
            "object_id": "5",
            "object_repr": "Audi A6",
            "action_flag": 2,
            "change_message": "[]"
        }
    },
    {
        "model": "admin.logentry",
        "pk": 47,
        "fields": {
            "action_time": "2024-02-12T15:42:34.885Z",
            "user": 1,
            "content_type": 15,
            "object_id": "5",
            "object_repr": "Audi A6",
            "action_flag": 2,
            "change_message": "[{\"changed\": {\"name\": \"features\", \"object\": \"Audi A6\", \"fields\": [\"Air Conditioner\"]}}]"
        }
    },
    {
        "model": "admin.logentry",
        "pk": 48,
        "fields": {
            "action_time": "2024-02-12T15:43:29.379Z",
            "user": 1,
            "content_type": 15,
            "object_id": "5",
            "object_repr": "Audi A6",
            "action_flag": 2,
            "change_message": "[{\"changed\": {\"name\": \"features\", \"object\": \"Audi A6\", \"fields\": [\"Air Conditioner\"]}}]"
        }
    },
    {
        "model": "admin.logentry",
        "pk": 49,
        "fields": {
            "action_time": "2024-02-12T18:17:55.143Z",
            "user": 1,
            "content_type": 15,
            "object_id": "7",
            "object_repr": "Mercedes-AMG GT S",
            "action_flag": 1,
            "change_message": "[{\"added\": {}}, {\"added\": {\"name\": \"car images\", \"object\": \"CarImages object (25)\"}}, {\"added\": {\"name\": \"car images\", \"object\": \"CarImages object (26)\"}}, {\"added\": {\"name\": \"car images\", \"object\": \"CarImages object (27)\"}}, {\"added\": {\"name\": \"car images\", \"object\": \"CarImages object (28)\"}}, {\"added\": {\"name\": \"specification\", \"object\": \"Mercedes-AMG GT S\"}}, {\"added\": {\"name\": \"features\", \"object\": \"Mercedes-AMG GT S\"}}]"
        }
    },
    {
        "model": "admin.logentry",
        "pk": 50,
        "fields": {
            "action_time": "2024-02-12T18:27:21.614Z",
            "user": 1,
            "content_type": 15,
            "object_id": "8",
            "object_repr": "Mercedes-Maybach S-Class",
            "action_flag": 1,
            "change_message": "[{\"added\": {}}, {\"added\": {\"name\": \"car images\", \"object\": \"CarImages object (29)\"}}, {\"added\": {\"name\": \"car images\", \"object\": \"CarImages object (30)\"}}, {\"added\": {\"name\": \"car images\", \"object\": \"CarImages object (31)\"}}, {\"added\": {\"name\": \"car images\", \"object\": \"CarImages object (32)\"}}, {\"added\": {\"name\": \"specification\", \"object\": \"Mercedes-Maybach S-Class\"}}, {\"added\": {\"name\": \"features\", \"object\": \"Mercedes-Maybach S-Class\"}}]"
        }
    },
    {
        "model": "admin.logentry",
        "pk": 51,
        "fields": {
            "action_time": "2024-02-12T18:34:39.161Z",
            "user": 1,
            "content_type": 15,
            "object_id": "9",
            "object_repr": "Toyota GR Supra",
            "action_flag": 1,
            "change_message": "[{\"added\": {}}, {\"added\": {\"name\": \"car images\", \"object\": \"CarImages object (33)\"}}, {\"added\": {\"name\": \"car images\", \"object\": \"CarImages object (34)\"}}, {\"added\": {\"name\": \"car images\", \"object\": \"CarImages object (35)\"}}, {\"added\": {\"name\": \"car images\", \"object\": \"CarImages object (36)\"}}, {\"added\": {\"name\": \"specification\", \"object\": \"Toyota GR Supra\"}}, {\"added\": {\"name\": \"features\", \"object\": \"Toyota GR Supra\"}}]"
        }
    },
    {
        "model": "admin.logentry",
        "pk": 52,
        "fields": {
            "action_time": "2024-02-12T18:43:59.721Z",
            "user": 1,
            "content_type": 15,
            "object_id": "10",
            "object_repr": "Toyota Mirai",
            "action_flag": 1,
            "change_message": "[{\"added\": {}}, {\"added\": {\"name\": \"car images\", \"object\": \"CarImages object (37)\"}}, {\"added\": {\"name\": \"car images\", \"object\": \"CarImages object (38)\"}}, {\"added\": {\"name\": \"car images\", \"object\": \"CarImages object (39)\"}}, {\"added\": {\"name\": \"car images\", \"object\": \"CarImages object (40)\"}}, {\"added\": {\"name\": \"specification\", \"object\": \"Toyota Mirai\"}}, {\"added\": {\"name\": \"features\", \"object\": \"Toyota Mirai\"}}]"
        }
    },
    {
        "model": "admin.logentry",
        "pk": 53,
        "fields": {
            "action_time": "2024-02-12T18:48:51.874Z",
            "user": 1,
            "content_type": 15,
            "object_id": "11",
            "object_repr": "Honda Civic Sports",
            "action_flag": 1,
            "change_message": "[{\"added\": {}}, {\"added\": {\"name\": \"car images\", \"object\": \"CarImages object (41)\"}}, {\"added\": {\"name\": \"car images\", \"object\": \"CarImages object (42)\"}}, {\"added\": {\"name\": \"car images\", \"object\": \"CarImages object (43)\"}}, {\"added\": {\"name\": \"car images\", \"object\": \"CarImages object (44)\"}}, {\"added\": {\"name\": \"specification\", \"object\": \"Honda Civic Sports\"}}, {\"added\": {\"name\": \"features\", \"object\": \"Honda Civic Sports\"}}]"
        }
    },
    {
        "model": "admin.logentry",
        "pk": 54,
        "fields": {
            "action_time": "2024-02-12T18:56:11.739Z",
            "user": 1,
            "content_type": 15,
            "object_id": "12",
            "object_repr": "Toyota Corolla Cross XLE",
            "action_flag": 1,
            "change_message": "[{\"added\": {}}, {\"added\": {\"name\": \"car images\", \"object\": \"CarImages object (45)\"}}, {\"added\": {\"name\": \"car images\", \"object\": \"CarImages object (46)\"}}, {\"added\": {\"name\": \"car images\", \"object\": \"CarImages object (47)\"}}, {\"added\": {\"name\": \"car images\", \"object\": \"CarImages object (48)\"}}, {\"added\": {\"name\": \"specification\", \"object\": \"Toyota Corolla Cross XLE\"}}, {\"added\": {\"name\": \"features\", \"object\": \"Toyota Corolla Cross XLE\"}}]"
        }
    },
    {
        "model": "admin.logentry",
        "pk": 55,
        "fields": {
            "action_time": "2024-02-12T19:02:37.792Z",
            "user": 1,
            "content_type": 15,
            "object_id": "13",
            "object_repr": "Honda Accord Hybrid",
            "action_flag": 1,
            "change_message": "[{\"added\": {}}, {\"added\": {\"name\": \"car images\", \"object\": \"CarImages object (49)\"}}, {\"added\": {\"name\": \"car images\", \"object\": \"CarImages object (50)\"}}, {\"added\": {\"name\": \"car images\", \"object\": \"CarImages object (51)\"}}, {\"added\": {\"name\": \"car images\", \"object\": \"CarImages object (52)\"}}, {\"added\": {\"name\": \"specification\", \"object\": \"Honda Accord Hybrid\"}}, {\"added\": {\"name\": \"features\", \"object\": \"Honda Accord Hybrid\"}}]"
        }
    },
    {
        "model": "admin.logentry",
        "pk": 56,
        "fields": {
            "action_time": "2024-02-12T19:09:43.573Z",
            "user": 1,
            "content_type": 15,
            "object_id": "14",
            "object_repr": "Mercedes-AMG Roadster",
            "action_flag": 1,
            "change_message": "[{\"added\": {}}, {\"added\": {\"name\": \"car images\", \"object\": \"CarImages object (53)\"}}, {\"added\": {\"name\": \"car images\", \"object\": \"CarImages object (54)\"}}, {\"added\": {\"name\": \"car images\", \"object\": \"CarImages object (55)\"}}, {\"added\": {\"name\": \"car images\", \"object\": \"CarImages object (56)\"}}, {\"added\": {\"name\": \"specification\", \"object\": \"Mercedes-AMG Roadster\"}}, {\"added\": {\"name\": \"features\", \"object\": \"Mercedes-AMG Roadster\"}}]"
        }
    },
    {
        "model": "admin.logentry",
        "pk": 57,
        "fields": {
            "action_time": "2024-02-12T19:16:13.513Z",
            "user": 1,
            "content_type": 15,
            "object_id": "15",
            "object_repr": "Toyota bZ4X",
            "action_flag": 1,
            "change_message": "[{\"added\": {}}, {\"added\": {\"name\": \"car images\", \"object\": \"CarImages object (57)\"}}, {\"added\": {\"name\": \"car images\", \"object\": \"CarImages object (58)\"}}, {\"added\": {\"name\": \"car images\", \"object\": \"CarImages object (59)\"}}, {\"added\": {\"name\": \"car images\", \"object\": \"CarImages object (60)\"}}, {\"added\": {\"name\": \"specification\", \"object\": \"Toyota bZ4X\"}}, {\"added\": {\"name\": \"features\", \"object\": \"Toyota bZ4X\"}}]"
        }
    },
    {
        "model": "admin.logentry",
        "pk": 58,
        "fields": {
            "action_time": "2024-02-13T12:39:05.366Z",
            "user": 1,
            "content_type": 15,
            "object_id": "1",
            "object_repr": "Audi A7",
            "action_flag": 2,
            "change_message": "[{\"changed\": {\"fields\": [\"Weekly rent\", \"Monthly rent\"]}}]"
        }
    },
    {
        "model": "admin.logentry",
        "pk": 59,
        "fields": {
            "action_time": "2024-02-13T12:43:13.744Z",
            "user": 1,
            "content_type": 15,
            "object_id": "14",
            "object_repr": "Mercedes-AMG Roadster",
            "action_flag": 2,
            "change_message": "[{\"changed\": {\"fields\": [\"Weekly rent\", \"Monthly rent\"]}}]"
        }
    },
    {
        "model": "admin.logentry",
        "pk": 60,
        "fields": {
            "action_time": "2024-02-13T12:44:29.050Z",
            "user": 1,
            "content_type": 15,
            "object_id": "13",
            "object_repr": "Honda Accord Hybrid",
            "action_flag": 2,
            "change_message": "[{\"changed\": {\"fields\": [\"Weekly rent\", \"Monthly rent\"]}}]"
        }
    },
    {
        "model": "admin.logentry",
        "pk": 61,
        "fields": {
            "action_time": "2024-02-13T12:45:55.402Z",
            "user": 1,
            "content_type": 15,
            "object_id": "12",
            "object_repr": "Toyota Corolla Cross XLE",
            "action_flag": 2,
            "change_message": "[{\"changed\": {\"fields\": [\"Weekly rent\", \"Monthly rent\"]}}]"
        }
    },
    {
        "model": "admin.logentry",
        "pk": 62,
        "fields": {
            "action_time": "2024-02-13T12:46:49.079Z",
            "user": 1,
            "content_type": 15,
            "object_id": "11",
            "object_repr": "Honda Civic Sports",
            "action_flag": 2,
            "change_message": "[{\"changed\": {\"fields\": [\"Per day rent\", \"Weekly rent\", \"Monthly rent\"]}}]"
        }
    },
    {
        "model": "admin.logentry",
        "pk": 63,
        "fields": {
            "action_time": "2024-02-13T12:54:01.907Z",
            "user": 1,
            "content_type": 15,
            "object_id": "10",
            "object_repr": "Toyota Mirai",
            "action_flag": 2,
            "change_message": "[{\"changed\": {\"fields\": [\"Weekly rent\", \"Monthly rent\"]}}]"
        }
    },
    {
        "model": "admin.logentry",
        "pk": 64,
        "fields": {
            "action_time": "2024-02-13T12:54:39.269Z",
            "user": 1,
            "content_type": 15,
            "object_id": "9",
            "object_repr": "Toyota GR Supra",
            "action_flag": 2,
            "change_message": "[{\"changed\": {\"fields\": [\"Weekly rent\", \"Monthly rent\"]}}]"
        }
    },
    {
        "model": "admin.logentry",
        "pk": 65,
        "fields": {
            "action_time": "2024-02-13T12:55:12.530Z",
            "user": 1,
            "content_type": 15,
            "object_id": "8",
            "object_repr": "Mercedes-Maybach S-Class",
            "action_flag": 2,
            "change_message": "[{\"changed\": {\"fields\": [\"Weekly rent\", \"Monthly rent\"]}}]"
        }
    },
    {
        "model": "admin.logentry",
        "pk": 66,
        "fields": {
            "action_time": "2024-02-13T12:56:16.986Z",
            "user": 1,
            "content_type": 15,
            "object_id": "7",
            "object_repr": "Mercedes-AMG GT S",
            "action_flag": 2,
            "change_message": "[{\"changed\": {\"fields\": [\"Weekly rent\", \"Monthly rent\"]}}]"
        }
    },
    {
        "model": "admin.logentry",
        "pk": 67,
        "fields": {
            "action_time": "2024-02-13T12:56:52.998Z",
            "user": 1,
            "content_type": 15,
            "object_id": "6",
            "object_repr": "Audi E-Tron GT",
            "action_flag": 2,
            "change_message": "[{\"changed\": {\"fields\": [\"Weekly rent\", \"Monthly rent\"]}}]"
        }
    },
    {
        "model": "admin.logentry",
        "pk": 68,
        "fields": {
            "action_time": "2024-02-13T12:57:22.342Z",
            "user": 1,
            "content_type": 15,
            "object_id": "5",
            "object_repr": "Audi A6",
            "action_flag": 2,
            "change_message": "[{\"changed\": {\"fields\": [\"Weekly rent\", \"Monthly rent\"]}}]"
        }
    },
    {
        "model": "admin.logentry",
        "pk": 69,
        "fields": {
            "action_time": "2024-02-13T12:58:19.867Z",
            "user": 1,
            "content_type": 15,
            "object_id": "4",
            "object_repr": "Audi A5",
            "action_flag": 2,
            "change_message": "[{\"changed\": {\"fields\": [\"Weekly rent\", \"Monthly rent\"]}}]"
        }
    },
    {
        "model": "admin.logentry",
        "pk": 70,
        "fields": {
            "action_time": "2024-02-13T12:58:42.430Z",
            "user": 1,
            "content_type": 15,
            "object_id": "3",
            "object_repr": "Audi A4",
            "action_flag": 2,
            "change_message": "[{\"changed\": {\"fields\": [\"Weekly rent\", \"Monthly rent\"]}}]"
        }
    },
    {
        "model": "admin.logentry",
        "pk": 71,
        "fields": {
            "action_time": "2024-02-13T12:59:14.658Z",
            "user": 1,
            "content_type": 15,
            "object_id": "2",
            "object_repr": "Audi A3",
            "action_flag": 2,
            "change_message": "[{\"changed\": {\"fields\": [\"Weekly rent\", \"Monthly rent\"]}}]"
        }
    },
    {
        "model": "admin.logentry",
        "pk": 72,
        "fields": {
            "action_time": "2024-02-14T21:02:16.902Z",
            "user": 1,
            "content_type": 13,
            "object_id": "2",
            "object_repr": "shaheer",
            "action_flag": 2,
            "change_message": "[{\"changed\": {\"fields\": [\"Address\"]}}]"
        }
    },
    {
        "model": "admin.logentry",
        "pk": 73,
        "fields": {
            "action_time": "2024-02-14T21:02:37.981Z",
            "user": 1,
            "content_type": 13,
            "object_id": "2",
            "object_repr": "shaheer",
            "action_flag": 2,
            "change_message": "[{\"changed\": {\"fields\": [\"Town or area\"]}}]"
        }
    },
    {
        "model": "admin.logentry",
        "pk": 74,
        "fields": {
            "action_time": "2024-02-14T21:02:43.314Z",
            "user": 1,
            "content_type": 13,
            "object_id": "2",
            "object_repr": "shaheer",
            "action_flag": 2,
            "change_message": "[]"
        }
    },
    {
        "model": "admin.logentry",
        "pk": 75,
        "fields": {
            "action_time": "2024-02-14T21:03:17.325Z",
            "user": 1,
            "content_type": 13,
            "object_id": "2",
            "object_repr": "shaheer",
            "action_flag": 2,
            "change_message": "[{\"changed\": {\"fields\": [\"Town or area\"]}}]"
        }
    },
    {
        "model": "admin.logentry",
        "pk": 76,
        "fields": {
            "action_time": "2024-02-14T21:04:56.609Z",
            "user": 1,
            "content_type": 13,
            "object_id": "2",
            "object_repr": "shaheer",
            "action_flag": 2,
            "change_message": "[{\"changed\": {\"fields\": [\"Address\"]}}]"
        }
    },
    {
        "model": "admin.logentry",
        "pk": 77,
        "fields": {
            "action_time": "2024-02-14T21:05:20.723Z",
            "user": 1,
            "content_type": 13,
            "object_id": "2",
            "object_repr": "shaheer",
            "action_flag": 2,
            "change_message": "[{\"changed\": {\"fields\": [\"Country\"]}}]"
        }
    },
    {
        "model": "admin.logentry",
        "pk": 78,
        "fields": {
            "action_time": "2024-02-14T21:05:56.899Z",
            "user": 1,
            "content_type": 13,
            "object_id": "2",
            "object_repr": "shaheer",
            "action_flag": 2,
            "change_message": "[{\"changed\": {\"fields\": [\"Country\"]}}]"
        }
    },
    {
        "model": "admin.logentry",
        "pk": 79,
        "fields": {
            "action_time": "2024-02-14T21:06:17.579Z",
            "user": 1,
            "content_type": 13,
            "object_id": "2",
            "object_repr": "shaheer",
            "action_flag": 2,
            "change_message": "[{\"changed\": {\"fields\": [\"Country\", \"Address\"]}}]"
        }
    },
    {
        "model": "admin.logentry",
        "pk": 80,
        "fields": {
            "action_time": "2024-02-14T21:06:31.578Z",
            "user": 1,
            "content_type": 13,
            "object_id": "2",
            "object_repr": "shaheer",
            "action_flag": 2,
            "change_message": "[{\"changed\": {\"fields\": [\"Address\"]}}]"
        }
    },
    {
        "model": "admin.logentry",
        "pk": 81,
        "fields": {
            "action_time": "2024-02-14T21:07:13.853Z",
            "user": 1,
            "content_type": 13,
            "object_id": "2",
            "object_repr": "shaheer",
            "action_flag": 2,
            "change_message": "[{\"changed\": {\"fields\": [\"Address\"]}}]"
        }
    },
    {
        "model": "admin.logentry",
        "pk": 82,
        "fields": {
            "action_time": "2024-02-14T21:07:30.269Z",
            "user": 1,
            "content_type": 13,
            "object_id": "2",
            "object_repr": "shaheer",
            "action_flag": 2,
            "change_message": "[{\"changed\": {\"fields\": [\"Address\"]}}]"
        }
    },
    {
        "model": "admin.logentry",
        "pk": 83,
        "fields": {
            "action_time": "2024-02-14T21:07:37.584Z",
            "user": 1,
            "content_type": 13,
            "object_id": "2",
            "object_repr": "shaheer",
            "action_flag": 2,
            "change_message": "[{\"changed\": {\"fields\": [\"Country\"]}}]"
        }
    },
    {
        "model": "admin.logentry",
        "pk": 84,
        "fields": {
            "action_time": "2024-02-14T21:07:55.365Z",
            "user": 1,
            "content_type": 13,
            "object_id": "2",
            "object_repr": "shaheer",
            "action_flag": 2,
            "change_message": "[{\"changed\": {\"fields\": [\"Country\", \"City\"]}}]"
        }
    },
    {
        "model": "admin.logentry",
        "pk": 85,
        "fields": {
            "action_time": "2024-02-14T21:08:20.928Z",
            "user": 1,
            "content_type": 13,
            "object_id": "2",
            "object_repr": "shaheer",
            "action_flag": 2,
            "change_message": "[{\"changed\": {\"fields\": [\"City\", \"Town or area\"]}}]"
        }
    },
    {
        "model": "admin.logentry",
        "pk": 86,
        "fields": {
            "action_time": "2024-02-14T21:08:38.758Z",
            "user": 1,
            "content_type": 13,
            "object_id": "2",
            "object_repr": "shaheer",
            "action_flag": 2,
            "change_message": "[{\"changed\": {\"fields\": [\"Town or area\", \"Address\"]}}]"
        }
    },
    {
        "model": "admin.logentry",
        "pk": 87,
        "fields": {
            "action_time": "2024-02-14T21:10:02.862Z",
            "user": 1,
            "content_type": 13,
            "object_id": "2",
            "object_repr": "shaheer",
            "action_flag": 2,
            "change_message": "[{\"changed\": {\"fields\": [\"Address\"]}}]"
        }
    },
    {
        "model": "admin.logentry",
        "pk": 114,
        "fields": {
            "action_time": "2024-02-18T08:15:16.580Z",
            "user": 1,
            "content_type": 13,
            "object_id": "2",
            "object_repr": "shaheer",
            "action_flag": 2,
            "change_message": "[{\"changed\": {\"fields\": [\"Address\"]}}]"
        }
    },
    {
        "model": "admin.logentry",
        "pk": 115,
        "fields": {
            "action_time": "2024-02-18T18:08:20.211Z",
            "user": 1,
            "content_type": 13,
            "object_id": "2",
            "object_repr": "shaheer",
            "action_flag": 2,
            "change_message": "[{\"changed\": {\"fields\": [\"Address\"]}}]"
        }
    },
    {
        "model": "admin.logentry",
        "pk": 116,
        "fields": {
            "action_time": "2024-02-18T18:08:56.839Z",
            "user": 1,
            "content_type": 13,
            "object_id": "2",
            "object_repr": "shaheer",
            "action_flag": 2,
            "change_message": "[{\"changed\": {\"fields\": [\"Address\"]}}]"
        }
    },
    {
        "model": "admin.logentry",
        "pk": 117,
        "fields": {
            "action_time": "2024-02-18T18:09:14.418Z",
            "user": 1,
            "content_type": 12,
            "object_id": "2",
            "object_repr": "Shaheer",
            "action_flag": 2,
            "change_message": "[{\"changed\": {\"fields\": [\"Last name\"]}}]"
        }
    },
    {
        "model": "admin.logentry",
        "pk": 118,
        "fields": {
            "action_time": "2024-02-18T18:09:37.249Z",
            "user": 1,
            "content_type": 13,
            "object_id": "2",
            "object_repr": "shaheer",
            "action_flag": 2,
            "change_message": "[{\"changed\": {\"fields\": [\"Address\"]}}]"
        }
    },
    {
        "model": "admin.logentry",
        "pk": 119,
        "fields": {
            "action_time": "2024-02-18T18:20:35.144Z",
            "user": 1,
            "content_type": 13,
            "object_id": "2",
            "object_repr": "shaheer",
            "action_flag": 2,
            "change_message": "[{\"changed\": {\"fields\": [\"City\"]}}]"
        }
    },
    {
        "model": "admin.logentry",
        "pk": 120,
        "fields": {
            "action_time": "2024-02-18T18:21:05.040Z",
            "user": 1,
            "content_type": 13,
            "object_id": "2",
            "object_repr": "shaheer",
            "action_flag": 2,
            "change_message": "[{\"changed\": {\"fields\": [\"City\"]}}]"
        }
    },
    {
        "model": "admin.logentry",
        "pk": 121,
        "fields": {
            "action_time": "2024-02-18T18:21:46.583Z",
            "user": 1,
            "content_type": 12,
            "object_id": "2",
            "object_repr": "shaheer",
            "action_flag": 2,
            "change_message": "[{\"changed\": {\"fields\": [\"First name\"]}}]"
        }
    },
    {
        "model": "admin.logentry",
        "pk": 122,
        "fields": {
            "action_time": "2024-02-18T18:23:06.587Z",
            "user": 1,
            "content_type": 12,
            "object_id": "2",
            "object_repr": "Shaheer",
            "action_flag": 2,
            "change_message": "[{\"changed\": {\"fields\": [\"First name\", \"Last name\"]}}]"
        }
    },
    {
        "model": "admin.logentry",
        "pk": 123,
        "fields": {
            "action_time": "2024-02-18T18:26:12.407Z",
            "user": 1,
            "content_type": 12,
            "object_id": "1",
            "object_repr": "Shaheer",
            "action_flag": 2,
            "change_message": "[{\"changed\": {\"fields\": [\"First name\", \"Last name\"]}}]"
        }
    },
    {
        "model": "admin.logentry",
        "pk": 124,
        "fields": {
            "action_time": "2024-02-18T18:26:51.285Z",
            "user": 1,
            "content_type": 12,
            "object_id": "2",
            "object_repr": "shaheer",
            "action_flag": 2,
            "change_message": "[{\"changed\": {\"fields\": [\"First name\", \"Last name\"]}}]"
        }
    },
    {
        "model": "admin.logentry",
        "pk": 125,
        "fields": {
            "action_time": "2024-02-18T18:27:50.426Z",
            "user": 1,
            "content_type": 12,
            "object_id": "2",
            "object_repr": "Shaheer",
            "action_flag": 2,
            "change_message": "[{\"changed\": {\"fields\": [\"First name\", \"Last name\"]}}]"
        }
    },
    {
        "model": "admin.logentry",
        "pk": 126,
        "fields": {
            "action_time": "2024-02-18T18:28:00.040Z",
            "user": 1,
            "content_type": 12,
            "object_id": "2",
            "object_repr": "shaheer",
            "action_flag": 2,
            "change_message": "[{\"changed\": {\"fields\": [\"First name\", \"Last name\"]}}]"
        }
    },
    {
        "model": "admin.logentry",
        "pk": 127,
        "fields": {
            "action_time": "2024-02-18T18:35:21.420Z",
            "user": 1,
            "content_type": 12,
            "object_id": "2",
            "object_repr": "Shaheer",
            "action_flag": 2,
            "change_message": "[{\"changed\": {\"fields\": [\"First name\", \"Last name\"]}}]"
        }
    },
    {
        "model": "admin.logentry",
        "pk": 128,
        "fields": {
            "action_time": "2024-02-18T18:35:27.886Z",
            "user": 1,
            "content_type": 12,
            "object_id": "2",
            "object_repr": "Shaheer",
            "action_flag": 2,
            "change_message": "[{\"changed\": {\"fields\": [\"Last name\"]}}]"
        }
    },
    {
        "model": "admin.logentry",
        "pk": 129,
        "fields": {
            "action_time": "2024-02-18T18:36:02.130Z",
            "user": 1,
            "content_type": 12,
            "object_id": "2",
            "object_repr": "Shaheer",
            "action_flag": 2,
            "change_message": "[{\"changed\": {\"fields\": [\"Last name\"]}}]"
        }
    },
    {
        "model": "admin.logentry",
        "pk": 130,
        "fields": {
            "action_time": "2024-02-18T18:36:55.122Z",
            "user": 1,
            "content_type": 13,
            "object_id": "2",
            "object_repr": "shaheer",
            "action_flag": 2,
            "change_message": "[{\"changed\": {\"fields\": [\"City\"]}}]"
        }
    },
    {
        "model": "admin.logentry",
        "pk": 131,
        "fields": {
            "action_time": "2024-02-18T18:37:20.168Z",
            "user": 1,
            "content_type": 13,
            "object_id": "2",
            "object_repr": "shaheer",
            "action_flag": 2,
            "change_message": "[{\"changed\": {\"fields\": [\"City\"]}}]"
        }
    },
    {
        "model": "admin.logentry",
        "pk": 132,
        "fields": {
            "action_time": "2024-02-18T18:37:38.832Z",
            "user": 1,
            "content_type": 12,
            "object_id": "2",
            "object_repr": "Shaheer",
            "action_flag": 2,
            "change_message": "[{\"changed\": {\"fields\": [\"Last name\"]}}]"
        }
    },
    {
        "model": "admin.logentry",
        "pk": 133,
        "fields": {
            "action_time": "2024-02-18T19:25:37.109Z",
            "user": 1,
            "content_type": 12,
            "object_id": "2",
            "object_repr": "Shaheer",
            "action_flag": 2,
            "change_message": "[{\"changed\": {\"fields\": [\"Last name\"]}}]"
        }
    },
    {
        "model": "admin.logentry",
        "pk": 134,
        "fields": {
            "action_time": "2024-02-18T19:25:50.807Z",
            "user": 1,
            "content_type": 13,
            "object_id": "2",
            "object_repr": "shaheer",
            "action_flag": 2,
            "change_message": "[{\"changed\": {\"fields\": [\"Address\"]}}]"
        }
    },
    {
        "model": "admin.logentry",
        "pk": 135,
        "fields": {
            "action_time": "2024-02-18T19:26:53.297Z",
            "user": 1,
            "content_type": 12,
            "object_id": "2",
            "object_repr": "Shaheer",
            "action_flag": 2,
            "change_message": "[{\"changed\": {\"fields\": [\"Last name\"]}}]"
        }
    },
    {
        "model": "admin.logentry",
        "pk": 136,
        "fields": {
            "action_time": "2024-02-18T19:40:28.900Z",
            "user": 1,
            "content_type": 12,
            "object_id": "2",
            "object_repr": "Shaheer",
            "action_flag": 2,
            "change_message": "[{\"changed\": {\"fields\": [\"Last name\"]}}]"
        }
    },
    {
        "model": "admin.logentry",
        "pk": 137,
        "fields": {
            "action_time": "2024-02-18T19:40:40.681Z",
            "user": 1,
            "content_type": 13,
            "object_id": "2",
            "object_repr": "shaheer",
            "action_flag": 2,
            "change_message": "[{\"changed\": {\"fields\": [\"Town or area\"]}}]"
        }
    },
    {
        "model": "admin.logentry",
        "pk": 138,
        "fields": {
            "action_time": "2024-02-18T19:42:05.851Z",
            "user": 1,
            "content_type": 12,
            "object_id": "2",
            "object_repr": "Shaheer",
            "action_flag": 2,
            "change_message": "[{\"changed\": {\"fields\": [\"Last name\"]}}]"
        }
    },
    {
        "model": "admin.logentry",
        "pk": 139,
        "fields": {
            "action_time": "2024-02-19T02:15:26.401Z",
            "user": 1,
            "content_type": 26,
            "object_id": "1",
            "object_repr": "shaheer",
            "action_flag": 1,
            "change_message": "[{\"added\": {}}]"
        }
    },
    {
        "model": "admin.logentry",
        "pk": 140,
        "fields": {
            "action_time": "2024-02-19T02:15:34.102Z",
            "user": 1,
            "content_type": 26,
            "object_id": "2",
            "object_repr": "shaheer10",
            "action_flag": 1,
            "change_message": "[{\"added\": {}}]"
        }
    },
    {
        "model": "admin.logentry",
        "pk": 141,
        "fields": {
            "action_time": "2024-02-19T06:48:38.736Z",
            "user": 1,
            "content_type": 26,
            "object_id": "2",
            "object_repr": "shaheer10",
            "action_flag": 2,
            "change_message": "[{\"changed\": {\"fields\": [\"License pic\"]}}]"
        }
    },
    {
        "model": "admin.logentry",
        "pk": 142,
        "fields": {
            "action_time": "2024-02-19T06:48:57.739Z",
            "user": 1,
            "content_type": 26,
            "object_id": "1",
            "object_repr": "shaheer",
            "action_flag": 2,
            "change_message": "[{\"changed\": {\"fields\": [\"License pic\"]}}]"
        }
    },
    {
        "model": "admin.logentry",
        "pk": 143,
        "fields": {
            "action_time": "2024-02-19T06:52:27.970Z",
            "user": 1,
            "content_type": 26,
            "object_id": "1",
            "object_repr": "shaheer",
            "action_flag": 2,
            "change_message": "[{\"changed\": {\"fields\": [\"License pic\"]}}]"
        }
    },
    {
        "model": "admin.logentry",
        "pk": 144,
        "fields": {
            "action_time": "2024-02-19T07:17:09.888Z",
            "user": 1,
            "content_type": 26,
            "object_id": "1",
            "object_repr": "shaheer",
            "action_flag": 2,
            "change_message": "[{\"changed\": {\"fields\": [\"License pic\"]}}]"
        }
    },
    {
        "model": "admin.logentry",
        "pk": 145,
        "fields": {
            "action_time": "2024-02-20T05:17:21.375Z",
            "user": 1,
            "content_type": 26,
            "object_id": "1",
            "object_repr": "shaheer",
            "action_flag": 2,
            "change_message": "[{\"changed\": {\"fields\": [\"License pic\"]}}]"
        }
    },
    {
        "model": "admin.logentry",
        "pk": 146,
        "fields": {
            "action_time": "2024-02-22T17:46:49.190Z",
            "user": 1,
            "content_type": 26,
            "object_id": "1",
            "object_repr": "shaheer",
            "action_flag": 2,
            "change_message": "[{\"changed\": {\"fields\": [\"License name\", \"Valid\"]}}]"
        }
    },
    {
        "model": "admin.logentry",
        "pk": 147,
        "fields": {
            "action_time": "2024-02-22T17:46:56.724Z",
            "user": 1,
            "content_type": 26,
            "object_id": "1",
            "object_repr": "shaheer",
            "action_flag": 2,
            "change_message": "[{\"changed\": {\"fields\": [\"License pic\"]}}]"
        }
    },
    {
        "model": "admin.logentry",
        "pk": 148,
        "fields": {
            "action_time": "2024-02-22T17:59:31.438Z",
            "user": 1,
            "content_type": 26,
            "object_id": "1",
            "object_repr": "shaheer",
            "action_flag": 2,
            "change_message": "[{\"changed\": {\"fields\": [\"Expiry date\"]}}]"
        }
    },
    {
        "model": "admin.logentry",
        "pk": 149,
        "fields": {
            "action_time": "2024-02-25T09:58:00.701Z",
            "user": 1,
            "content_type": 12,
            "object_id": "2",
            "object_repr": "Shaheer",
            "action_flag": 2,
            "change_message": "[{\"changed\": {\"fields\": [\"Contact\", \"Cnic\"]}}]"
        }
    },
    {
        "model": "admin.logentry",
        "pk": 150,
        "fields": {
            "action_time": "2024-02-25T11:29:33.048Z",
            "user": 1,
            "content_type": 24,
            "object_id": "3",
            "object_repr": "rent5f4bd3ch55",
            "action_flag": 3,
            "change_message": ""
        }
    },
    {
        "model": "admin.logentry",
        "pk": 151,
        "fields": {
            "action_time": "2024-02-25T11:33:24.559Z",
            "user": 1,
            "content_type": 24,
            "object_id": "4",
            "object_repr": "2132252451",
            "action_flag": 3,
            "change_message": ""
        }
    },
    {
        "model": "admin.logentry",
        "pk": 152,
        "fields": {
            "action_time": "2024-02-25T11:39:07.540Z",
            "user": 1,
            "content_type": 24,
            "object_id": "6",
            "object_repr": "2",
            "action_flag": 3,
            "change_message": ""
        }
    },
    {
        "model": "admin.logentry",
        "pk": 153,
        "fields": {
            "action_time": "2024-02-25T11:39:07.557Z",
            "user": 1,
            "content_type": 24,
            "object_id": "5",
            "object_repr": "3",
            "action_flag": 3,
            "change_message": ""
        }
    },
    {
        "model": "admin.logentry",
        "pk": 154,
        "fields": {
            "action_time": "2024-02-25T13:59:20.385Z",
            "user": 1,
            "content_type": 24,
            "object_id": "24",
            "object_repr": "3123425445",
            "action_flag": 3,
            "change_message": ""
        }
    },
    {
        "model": "admin.logentry",
        "pk": 155,
        "fields": {
            "action_time": "2024-02-25T13:59:20.402Z",
            "user": 1,
            "content_type": 24,
            "object_id": "23",
            "object_repr": "3233433142",
            "action_flag": 3,
            "change_message": ""
        }
    },
    {
        "model": "admin.logentry",
        "pk": 156,
        "fields": {
            "action_time": "2024-02-25T13:59:20.402Z",
            "user": 1,
            "content_type": 24,
            "object_id": "22",
            "object_repr": "4544411313",
            "action_flag": 3,
            "change_message": ""
        }
    },
    {
        "model": "admin.logentry",
        "pk": 157,
        "fields": {
            "action_time": "2024-02-25T13:59:20.402Z",
            "user": 1,
            "content_type": 24,
            "object_id": "21",
            "object_repr": "2312151544",
            "action_flag": 3,
            "change_message": ""
        }
    },
    {
        "model": "admin.logentry",
        "pk": 158,
        "fields": {
            "action_time": "2024-02-25T13:59:20.402Z",
            "user": 1,
            "content_type": 24,
            "object_id": "20",
            "object_repr": "2441554214",
            "action_flag": 3,
            "change_message": ""
        }
    },
    {
        "model": "admin.logentry",
        "pk": 159,
        "fields": {
            "action_time": "2024-02-25T13:59:20.418Z",
            "user": 1,
            "content_type": 24,
            "object_id": "19",
            "object_repr": "2411444113",
            "action_flag": 3,
            "change_message": ""
        }
    },
    {
        "model": "admin.logentry",
        "pk": 160,
        "fields": {
            "action_time": "2024-02-25T13:59:20.420Z",
            "user": 1,
            "content_type": 24,
            "object_id": "18",
            "object_repr": "2115523452",
            "action_flag": 3,
            "change_message": ""
        }
    },
    {
        "model": "admin.logentry",
        "pk": 161,
        "fields": {
            "action_time": "2024-02-25T13:59:20.421Z",
            "user": 1,
            "content_type": 24,
            "object_id": "17",
            "object_repr": "2353551424",
            "action_flag": 3,
            "change_message": ""
        }
    },
    {
        "model": "admin.logentry",
        "pk": 162,
        "fields": {
            "action_time": "2024-02-25T13:59:20.422Z",
            "user": 1,
            "content_type": 24,
            "object_id": "16",
            "object_repr": "2311442344",
            "action_flag": 3,
            "change_message": ""
        }
    },
    {
        "model": "admin.logentry",
        "pk": 163,
        "fields": {
            "action_time": "2024-02-25T13:59:20.423Z",
            "user": 1,
            "content_type": 24,
            "object_id": "15",
            "object_repr": "2331524132",
            "action_flag": 3,
            "change_message": ""
        }
    },
    {
        "model": "admin.logentry",
        "pk": 164,
        "fields": {
            "action_time": "2024-02-25T13:59:20.425Z",
            "user": 1,
            "content_type": 24,
            "object_id": "14",
            "object_repr": "5413513415",
            "action_flag": 3,
            "change_message": ""
        }
    },
    {
        "model": "admin.logentry",
        "pk": 165,
        "fields": {
            "action_time": "2024-02-25T13:59:20.425Z",
            "user": 1,
            "content_type": 24,
            "object_id": "13",
            "object_repr": "2522342531",
            "action_flag": 3,
            "change_message": ""
        }
    },
    {
        "model": "admin.logentry",
        "pk": 166,
        "fields": {
            "action_time": "2024-02-25T13:59:20.426Z",
            "user": 1,
            "content_type": 24,
            "object_id": "12",
            "object_repr": "2122452234",
            "action_flag": 3,
            "change_message": ""
        }
    },
    {
        "model": "admin.logentry",
        "pk": 167,
        "fields": {
            "action_time": "2024-02-25T13:59:20.428Z",
            "user": 1,
            "content_type": 24,
            "object_id": "11",
            "object_repr": "2314343341",
            "action_flag": 3,
            "change_message": ""
        }
    },
    {
        "model": "admin.logentry",
        "pk": 168,
        "fields": {
            "action_time": "2024-02-25T13:59:20.429Z",
            "user": 1,
            "content_type": 24,
            "object_id": "10",
            "object_repr": "2223444455",
            "action_flag": 3,
            "change_message": ""
        }
    },
    {
        "model": "admin.logentry",
        "pk": 169,
        "fields": {
            "action_time": "2024-02-25T13:59:20.430Z",
            "user": 1,
            "content_type": 24,
            "object_id": "8",
            "object_repr": "4",
            "action_flag": 3,
            "change_message": ""
        }
    },
    {
        "model": "admin.logentry",
        "pk": 170,
        "fields": {
            "action_time": "2024-02-25T13:59:20.431Z",
            "user": 1,
            "content_type": 24,
            "object_id": "2",
            "object_repr": "rent215243fa4a",
            "action_flag": 3,
            "change_message": ""
        }
    },
    {
        "model": "admin.logentry",
        "pk": 171,
        "fields": {
            "action_time": "2024-02-25T13:59:20.432Z",
            "user": 1,
            "content_type": 24,
            "object_id": "1",
            "object_repr": "rent2dha1hda3f",
            "action_flag": 3,
            "change_message": ""
        }
    },
    {
        "model": "admin.logentry",
        "pk": 172,
        "fields": {
            "action_time": "2024-02-26T15:51:16.673Z",
            "user": 1,
            "content_type": 15,
            "object_id": "15",
            "object_repr": "Toyota bZ4X",
            "action_flag": 2,
            "change_message": "[{\"changed\": {\"fields\": [\"Weekly rent\", \"Monthly rent\"]}}]"
        }
    },
    {
        "model": "admin.logentry",
        "pk": 173,
        "fields": {
            "action_time": "2024-02-26T17:19:40.668Z",
            "user": 1,
            "content_type": 13,
            "object_id": "3",
            "object_repr": "shaheer2",
            "action_flag": 2,
            "change_message": "[{\"changed\": {\"fields\": [\"Address\"]}}]"
        }
    },
    {
        "model": "admin.logentry",
        "pk": 174,
        "fields": {
            "action_time": "2024-02-26T17:20:30.269Z",
            "user": 1,
            "content_type": 13,
            "object_id": "3",
            "object_repr": "shaheer2",
            "action_flag": 2,
            "change_message": "[{\"changed\": {\"fields\": [\"Address\"]}}]"
        }
    },
    {
        "model": "admin.logentry",
        "pk": 175,
        "fields": {
            "action_time": "2024-02-26T17:34:46.706Z",
            "user": 1,
            "content_type": 13,
            "object_id": "3",
            "object_repr": "shaheer2",
            "action_flag": 2,
            "change_message": "[{\"changed\": {\"fields\": [\"Address\"]}}]"
        }
    },
    {
        "model": "admin.logentry",
        "pk": 176,
        "fields": {
            "action_time": "2024-02-26T20:55:14.752Z",
            "user": 1,
            "content_type": 25,
            "object_id": "8",
            "object_repr": "2255524312",
            "action_flag": 2,
            "change_message": "[{\"changed\": {\"fields\": [\"Return status\"]}}]"
        }
    },
    {
        "model": "admin.logentry",
        "pk": 177,
        "fields": {
            "action_time": "2024-02-26T20:55:47.996Z",
            "user": 1,
            "content_type": 25,
            "object_id": "8",
            "object_repr": "2255524312",
            "action_flag": 2,
            "change_message": "[{\"changed\": {\"fields\": [\"Return status\"]}}]"
        }
    },
    {
        "model": "admin.logentry",
        "pk": 178,
        "fields": {
            "action_time": "2024-02-26T20:57:29.117Z",
            "user": 1,
            "content_type": 25,
            "object_id": "8",
            "object_repr": "2255524312",
            "action_flag": 2,
            "change_message": "[{\"changed\": {\"fields\": [\"Return status\"]}}]"
        }
    },
    {
        "model": "admin.logentry",
        "pk": 179,
        "fields": {
            "action_time": "2024-02-27T12:37:45.440Z",
            "user": 1,
            "content_type": 25,
            "object_id": "10",
            "object_repr": "2224515412",
            "action_flag": 2,
            "change_message": "[{\"changed\": {\"fields\": [\"Return status\"]}}]"
        }
    },
    {
        "model": "admin.logentry",
        "pk": 180,
        "fields": {
            "action_time": "2024-02-27T12:37:58.005Z",
            "user": 1,
            "content_type": 25,
            "object_id": "4",
            "object_repr": "2114251551",
            "action_flag": 2,
            "change_message": "[{\"changed\": {\"fields\": [\"Return status\"]}}]"
        }
    },
    {
        "model": "admin.logentry",
        "pk": 181,
        "fields": {
            "action_time": "2024-02-27T12:39:24.007Z",
            "user": 1,
            "content_type": 25,
            "object_id": "10",
            "object_repr": "2224515412",
            "action_flag": 2,
            "change_message": "[{\"changed\": {\"fields\": [\"Return status\"]}}]"
        }
    },
    {
        "model": "admin.logentry",
        "pk": 182,
        "fields": {
            "action_time": "2024-02-27T12:42:45.233Z",
            "user": 1,
            "content_type": 25,
            "object_id": "2",
            "object_repr": "2152153211",
            "action_flag": 2,
            "change_message": "[{\"changed\": {\"fields\": [\"Return status\"]}}]"
        }
    },
    {
        "model": "admin.logentry",
        "pk": 183,
        "fields": {
            "action_time": "2024-02-27T20:49:57.753Z",
            "user": 1,
            "content_type": 25,
            "object_id": "11",
            "object_repr": "2541151242",
            "action_flag": 2,
            "change_message": "[{\"changed\": {\"fields\": [\"Return status\"]}}]"
        }
    },
    {
        "model": "admin.logentry",
        "pk": 184,
        "fields": {
            "action_time": "2024-02-27T20:51:33.387Z",
            "user": 1,
            "content_type": 25,
            "object_id": "11",
            "object_repr": "2541151242",
            "action_flag": 2,
            "change_message": "[{\"changed\": {\"fields\": [\"Return status\"]}}]"
        }
    },
    {
        "model": "admin.logentry",
        "pk": 185,
        "fields": {
            "action_time": "2024-02-27T20:52:34.727Z",
            "user": 1,
            "content_type": 25,
            "object_id": "11",
            "object_repr": "2541151242",
            "action_flag": 2,
            "change_message": "[{\"changed\": {\"fields\": [\"Return status\"]}}]"
        }
    },
    {
        "model": "admin.logentry",
        "pk": 186,
        "fields": {
            "action_time": "2024-02-27T20:52:46.841Z",
            "user": 1,
            "content_type": 25,
            "object_id": "11",
            "object_repr": "2541151242",
            "action_flag": 2,
            "change_message": "[{\"changed\": {\"fields\": [\"Return status\"]}}]"
        }
    },
    {
        "model": "admin.logentry",
        "pk": 187,
        "fields": {
            "action_time": "2024-02-27T20:54:38.408Z",
            "user": 1,
            "content_type": 25,
            "object_id": "11",
            "object_repr": "2541151242",
            "action_flag": 2,
            "change_message": "[{\"changed\": {\"fields\": [\"Return status\"]}}]"
        }
    },
    {
        "model": "admin.logentry",
        "pk": 188,
        "fields": {
            "action_time": "2024-02-27T20:54:48.690Z",
            "user": 1,
            "content_type": 25,
            "object_id": "11",
            "object_repr": "2541151242",
            "action_flag": 2,
            "change_message": "[{\"changed\": {\"fields\": [\"Return status\"]}}]"
        }
    },
    {
        "model": "admin.logentry",
        "pk": 189,
        "fields": {
            "action_time": "2024-02-27T20:55:49.252Z",
            "user": 1,
            "content_type": 25,
            "object_id": "11",
            "object_repr": "2541151242",
            "action_flag": 2,
            "change_message": "[{\"changed\": {\"fields\": [\"Return status\"]}}]"
        }
    },
    {
        "model": "admin.logentry",
        "pk": 190,
        "fields": {
            "action_time": "2024-02-27T20:55:59.955Z",
            "user": 1,
            "content_type": 25,
            "object_id": "11",
            "object_repr": "2541151242",
            "action_flag": 2,
            "change_message": "[{\"changed\": {\"fields\": [\"Return status\"]}}]"
        }
    },
    {
        "model": "admin.logentry",
        "pk": 191,
        "fields": {
            "action_time": "2024-02-27T20:56:45.334Z",
            "user": 1,
            "content_type": 25,
            "object_id": "11",
            "object_repr": "2541151242",
            "action_flag": 2,
            "change_message": "[{\"changed\": {\"fields\": [\"Return status\"]}}]"
        }
    },
    {
        "model": "admin.logentry",
        "pk": 224,
        "fields": {
            "action_time": "2024-03-02T16:36:07.464Z",
            "user": 1,
            "content_type": 25,
            "object_id": "10",
            "object_repr": "2224515412",
            "action_flag": 2,
            "change_message": "[{\"changed\": {\"fields\": [\"Return status\"]}}]"
        }
    },
    {
        "model": "admin.logentry",
        "pk": 225,
        "fields": {
            "action_time": "2024-03-02T18:28:02.489Z",
            "user": 1,
            "content_type": 25,
            "object_id": "8",
            "object_repr": "2255524312",
            "action_flag": 2,
            "change_message": "[{\"changed\": {\"fields\": [\"Return status\"]}}]"
        }
    },
    {
        "model": "admin.logentry",
        "pk": 226,
        "fields": {
            "action_time": "2024-03-03T13:42:14.945Z",
            "user": 1,
            "content_type": 25,
            "object_id": "1",
            "object_repr": "4212214542",
            "action_flag": 2,
            "change_message": "[{\"changed\": {\"fields\": [\"Return status\"]}}]"
        }
    },
    {
        "model": "admin.logentry",
        "pk": 227,
        "fields": {
            "action_time": "2024-03-03T16:44:15.161Z",
            "user": 1,
            "content_type": 25,
            "object_id": "10",
            "object_repr": "2224515412",
            "action_flag": 2,
            "change_message": "[{\"changed\": {\"fields\": [\"Return status\"]}}]"
        }
    },
    {
        "model": "admin.logentry",
        "pk": 228,
        "fields": {
            "action_time": "2024-03-03T17:37:10.415Z",
            "user": 1,
            "content_type": 25,
            "object_id": "12",
            "object_repr": "2232135345",
            "action_flag": 2,
            "change_message": "[{\"changed\": {\"fields\": [\"Return status\"]}}]"
        }
    },
    {
        "model": "admin.logentry",
        "pk": 229,
        "fields": {
            "action_time": "2024-03-03T17:41:04.223Z",
            "user": 1,
            "content_type": 25,
            "object_id": "12",
            "object_repr": "2232135345",
            "action_flag": 2,
            "change_message": "[{\"changed\": {\"fields\": [\"Return status\"]}}]"
        }
    },
    {
        "model": "admin.logentry",
        "pk": 261,
        "fields": {
            "action_time": "2024-03-09T20:41:49.905Z",
            "user": 1,
            "content_type": 21,
            "object_id": "1",
            "object_repr": "shaheer",
            "action_flag": 1,
            "change_message": "[{\"added\": {}}]"
        }
    },
    {
        "model": "admin.logentry",
        "pk": 262,
        "fields": {
            "action_time": "2024-03-09T20:54:28.520Z",
            "user": 1,
            "content_type": 21,
            "object_id": "2",
            "object_repr": "shaheer2",
            "action_flag": 1,
            "change_message": "[{\"added\": {}}]"
        }
    },
    {
        "model": "admin.logentry",
        "pk": 263,
        "fields": {
            "action_time": "2024-03-09T22:04:05.431Z",
            "user": 1,
            "content_type": 21,
            "object_id": "3",
            "object_repr": "shaheer2",
            "action_flag": 3,
            "change_message": ""
        }
    },
    {
        "model": "admin.logentry",
        "pk": 264,
        "fields": {
            "action_time": "2024-03-10T05:17:43.061Z",
            "user": 1,
            "content_type": 27,
            "object_id": "1",
            "object_repr": "Customization object (1)",
            "action_flag": 1,
            "change_message": "[{\"added\": {}}]"
        }
    },
    {
        "model": "admin.logentry",
        "pk": 265,
        "fields": {
            "action_time": "2024-03-10T05:18:25.322Z",
            "user": 1,
            "content_type": 27,
            "object_id": "1",
            "object_repr": "Customization object (1)",
            "action_flag": 3,
            "change_message": ""
        }
    },
    {
        "model": "admin.logentry",
        "pk": 266,
        "fields": {
            "action_time": "2024-03-10T19:49:48.978Z",
            "user": 1,
            "content_type": 25,
            "object_id": "14",
            "object_repr": "2521525323",
            "action_flag": 2,
            "change_message": "[{\"changed\": {\"fields\": [\"Return status\"]}}]"
        }
    },
    {
        "model": "admin.logentry",
        "pk": 267,
        "fields": {
            "action_time": "2024-03-11T06:41:04.190Z",
            "user": 1,
            "content_type": 15,
            "object_id": "5",
            "object_repr": "Audi A6",
            "action_flag": 2,
            "change_message": "[{\"changed\": {\"fields\": [\"Rented\"]}}]"
        }
    },
    {
        "model": "admin.logentry",
        "pk": 268,
        "fields": {
            "action_time": "2024-03-11T06:41:04.206Z",
            "user": 1,
            "content_type": 15,
            "object_id": "1",
            "object_repr": "Audi A7",
            "action_flag": 2,
            "change_message": "[{\"changed\": {\"fields\": [\"Rented\"]}}]"
        }
    },
    {
        "model": "admin.logentry",
        "pk": 269,
        "fields": {
            "action_time": "2024-03-11T06:43:17.740Z",
            "user": 1,
            "content_type": 25,
            "object_id": "14",
            "object_repr": "2521525323",
            "action_flag": 2,
            "change_message": "[{\"changed\": {\"fields\": [\"Return status\"]}}]"
        }
    },
    {
        "model": "admin.logentry",
        "pk": 270,
        "fields": {
            "action_time": "2024-03-11T06:43:41.550Z",
            "user": 1,
            "content_type": 25,
            "object_id": "4",
            "object_repr": "2114251551",
            "action_flag": 2,
            "change_message": "[{\"changed\": {\"fields\": [\"Return status\"]}}]"
        }
    },
    {
        "model": "admin.logentry",
        "pk": 271,
        "fields": {
            "action_time": "2024-03-11T06:44:05.256Z",
            "user": 1,
            "content_type": 25,
            "object_id": "2",
            "object_repr": "2152153211",
            "action_flag": 2,
            "change_message": "[{\"changed\": {\"fields\": [\"Return status\"]}}]"
        }
    },
    {
        "model": "admin.logentry",
        "pk": 272,
        "fields": {
            "action_time": "2024-03-11T10:04:02.603Z",
            "user": 1,
            "content_type": 28,
            "object_id": "2",
            "object_repr": "shaheer2",
            "action_flag": 1,
            "change_message": "[{\"added\": {}}]"
        }
    },
    {
        "model": "admin.logentry",
        "pk": 273,
        "fields": {
            "action_time": "2024-03-13T01:26:02.273Z",
            "user": 1,
            "content_type": 25,
            "object_id": "1",
            "object_repr": "4212214542",
            "action_flag": 3,
            "change_message": ""
        }
    },
    {
        "model": "admin.logentry",
        "pk": 274,
        "fields": {
            "action_time": "2024-03-13T01:26:17.959Z",
            "user": 1,
            "content_type": 25,
            "object_id": "3",
            "object_repr": "3411544543",
            "action_flag": 2,
            "change_message": "[{\"changed\": {\"fields\": [\"Return status\"]}}]"
        }
    },
    {
        "model": "admin.logentry",
        "pk": 275,
        "fields": {
            "action_time": "2024-03-13T01:26:33.106Z",
            "user": 1,
            "content_type": 25,
            "object_id": "5",
            "object_repr": "5445411154",
            "action_flag": 2,
            "change_message": "[{\"changed\": {\"fields\": [\"Return status\"]}}]"
        }
    },
    {
        "model": "admin.logentry",
        "pk": 276,
        "fields": {
            "action_time": "2024-03-13T01:31:28.229Z",
            "user": 1,
            "content_type": 25,
            "object_id": "6",
            "object_repr": "5143311344",
            "action_flag": 2,
            "change_message": "[{\"changed\": {\"fields\": [\"Return status\"]}}]"
        }
    },
    {
        "model": "admin.logentry",
        "pk": 277,
        "fields": {
            "action_time": "2024-03-13T01:31:53.888Z",
            "user": 1,
            "content_type": 25,
            "object_id": "7",
            "object_repr": "3235234435",
            "action_flag": 2,
            "change_message": "[{\"changed\": {\"fields\": [\"Return status\"]}}]"
        }
    },
    {
        "model": "admin.logentry",
        "pk": 278,
        "fields": {
            "action_time": "2024-03-13T01:32:38.603Z",
            "user": 1,
            "content_type": 25,
            "object_id": "13",
            "object_repr": "4522545435",
            "action_flag": 2,
            "change_message": "[{\"changed\": {\"fields\": [\"Return status\"]}}]"
        }
    },
    {
        "model": "admin.logentry",
        "pk": 279,
        "fields": {
            "action_time": "2024-03-13T01:44:02.490Z",
            "user": 1,
            "content_type": 28,
            "object_id": "6",
            "object_repr": "shaheer2",
            "action_flag": 1,
            "change_message": "[{\"added\": {}}]"
        }
    },
    {
        "model": "admin.logentry",
        "pk": 280,
        "fields": {
            "action_time": "2024-03-13T01:47:46.590Z",
            "user": 1,
            "content_type": 28,
            "object_id": "6",
            "object_repr": "shaheer2",
            "action_flag": 2,
            "change_message": "[{\"changed\": {\"fields\": [\"Seen\"]}}]"
        }
    },
    {
        "model": "admin.logentry",
        "pk": 281,
        "fields": {
            "action_time": "2024-03-13T01:59:59.673Z",
            "user": 1,
            "content_type": 25,
            "object_id": "14",
            "object_repr": "2521525323",
            "action_flag": 2,
            "change_message": "[{\"changed\": {\"fields\": [\"Return status\"]}}]"
        }
    },
    {
        "model": "admin.logentry",
        "pk": 282,
        "fields": {
            "action_time": "2024-03-20T17:39:19.326Z",
            "user": 1,
            "content_type": 11,
            "object_id": "4",
            "object_repr": "bazar_square",
            "action_flag": 3,
            "change_message": ""
        }
    },
    {
        "model": "admin.logentry",
        "pk": 283,
        "fields": {
            "action_time": "2024-03-20T17:51:48.257Z",
            "user": 1,
            "content_type": 25,
            "object_id": "13",
            "object_repr": "4522545435",
            "action_flag": 2,
            "change_message": "[{\"changed\": {\"fields\": [\"Return status\"]}}]"
        }
    },
    {
        "model": "admin.logentry",
        "pk": 284,
        "fields": {
            "action_time": "2024-03-20T17:52:05.571Z",
            "user": 1,
            "content_type": 25,
            "object_id": "16",
            "object_repr": "2542334411",
            "action_flag": 2,
            "change_message": "[{\"changed\": {\"fields\": [\"Return status\"]}}]"
        }
    },
    {
        "model": "admin.logentry",
        "pk": 285,
        "fields": {
            "action_time": "2024-03-20T17:52:19.268Z",
            "user": 1,
            "content_type": 25,
            "object_id": "17",
            "object_repr": "2154552252",
            "action_flag": 2,
            "change_message": "[{\"changed\": {\"fields\": [\"Return status\"]}}]"
        }
    },
    {
        "model": "admin.logentry",
        "pk": 286,
        "fields": {
            "action_time": "2024-03-20T17:52:31.134Z",
            "user": 1,
            "content_type": 25,
            "object_id": "17",
            "object_repr": "2154552252",
            "action_flag": 2,
            "change_message": "[{\"changed\": {\"fields\": [\"Return status\"]}}]"
        }
    },
    {
        "model": "admin.logentry",
        "pk": 287,
        "fields": {
            "action_time": "2024-03-20T17:52:41.938Z",
            "user": 1,
            "content_type": 25,
            "object_id": "19",
            "object_repr": "5534332514",
            "action_flag": 2,
            "change_message": "[{\"changed\": {\"fields\": [\"Return status\"]}}]"
        }
    },
    {
        "model": "admin.logentry",
        "pk": 288,
        "fields": {
            "action_time": "2024-03-20T17:53:19.370Z",
            "user": 1,
            "content_type": 15,
            "object_id": "9",
            "object_repr": "Toyota GR Supra",
            "action_flag": 2,
            "change_message": "[{\"changed\": {\"fields\": [\"Rented\"]}}]"
        }
    },
    {
        "model": "admin.logentry",
        "pk": 289,
        "fields": {
            "action_time": "2024-03-20T17:53:19.374Z",
            "user": 1,
            "content_type": 15,
            "object_id": "2",
            "object_repr": "Audi A3",
            "action_flag": 2,
            "change_message": "[{\"changed\": {\"fields\": [\"Rented\"]}}]"
        }
    },
    {
        "model": "admin.logentry",
        "pk": 290,
        "fields": {
            "action_time": "2024-03-20T17:53:19.377Z",
            "user": 1,
            "content_type": 15,
            "object_id": "1",
            "object_repr": "Audi A7",
            "action_flag": 2,
            "change_message": "[{\"changed\": {\"fields\": [\"Rented\"]}}]"
        }
    },
    {
        "model": "admin.logentry",
        "pk": 291,
        "fields": {
            "action_time": "2024-03-20T18:03:45.287Z",
            "user": 1,
            "content_type": 27,
            "object_id": "2",
            "object_repr": "Customization object (2)",
            "action_flag": 1,
            "change_message": "[{\"added\": {}}]"
        }
    },
    {
        "model": "admin.logentry",
        "pk": 292,
        "fields": {
            "action_time": "2024-03-20T18:03:54.220Z",
            "user": 1,
            "content_type": 27,
            "object_id": "3",
            "object_repr": "Customization object (3)",
            "action_flag": 1,
            "change_message": "[{\"added\": {}}]"
        }
    },
    {
        "model": "admin.logentry",
        "pk": 293,
        "fields": {
            "action_time": "2024-03-20T18:04:37.531Z",
            "user": 1,
            "content_type": 27,
            "object_id": "4",
            "object_repr": "Customization object (4)",
            "action_flag": 1,
            "change_message": "[{\"added\": {}}]"
        }
    },
    {
        "model": "admin.logentry",
        "pk": 294,
        "fields": {
            "action_time": "2024-03-20T18:05:44.576Z",
            "user": 1,
            "content_type": 27,
            "object_id": "4",
            "object_repr": "Customization object (4)",
            "action_flag": 3,
            "change_message": ""
        }
    },
    {
        "model": "admin.logentry",
        "pk": 295,
        "fields": {
            "action_time": "2024-03-20T18:05:44.576Z",
            "user": 1,
            "content_type": 27,
            "object_id": "3",
            "object_repr": "Customization object (3)",
            "action_flag": 3,
            "change_message": ""
        }
    },
    {
        "model": "admin.logentry",
        "pk": 296,
        "fields": {
            "action_time": "2024-03-20T18:05:44.593Z",
            "user": 1,
            "content_type": 27,
            "object_id": "2",
            "object_repr": "Customization object (2)",
            "action_flag": 3,
            "change_message": ""
        }
    },
    {
        "model": "admin.logentry",
        "pk": 297,
        "fields": {
            "action_time": "2024-03-20T18:05:57.323Z",
            "user": 1,
            "content_type": 27,
            "object_id": "5",
            "object_repr": "Customization object (5)",
            "action_flag": 1,
            "change_message": "[{\"added\": {}}]"
        }
    },
    {
        "model": "admin.logentry",
        "pk": 298,
        "fields": {
            "action_time": "2024-03-20T18:06:05.357Z",
            "user": 1,
            "content_type": 27,
            "object_id": "5",
            "object_repr": "Customization object (5)",
            "action_flag": 3,
            "change_message": ""
        }
    },
    {
        "model": "admin.logentry",
        "pk": 299,
        "fields": {
            "action_time": "2024-03-20T18:26:58.150Z",
            "user": 1,
            "content_type": 27,
            "object_id": "6",
            "object_repr": "Customizations",
            "action_flag": 1,
            "change_message": "[{\"added\": {}}]"
        }
    },
    {
        "model": "admin.logentry",
        "pk": 300,
        "fields": {
            "action_time": "2024-03-21T11:53:49.630Z",
            "user": 1,
            "content_type": 24,
            "object_id": "59",
            "object_repr": "2534134544",
            "action_flag": 2,
            "change_message": "[{\"changed\": {\"fields\": [\"Number of period\"]}}]"
        }
    },
    {
        "model": "admin.logentry",
        "pk": 301,
        "fields": {
            "action_time": "2024-03-21T11:53:56.545Z",
            "user": 1,
            "content_type": 25,
            "object_id": "20",
            "object_repr": "2534134544",
            "action_flag": 2,
            "change_message": "[]"
        }
    },
    {
        "model": "admin.logentry",
        "pk": 302,
        "fields": {
            "action_time": "2024-03-21T11:55:01.102Z",
            "user": 1,
            "content_type": 24,
            "object_id": "59",
            "object_repr": "2534134544",
            "action_flag": 2,
            "change_message": "[{\"changed\": {\"fields\": [\"Period\"]}}]"
        }
    },
    {
        "model": "admin.logentry",
        "pk": 303,
        "fields": {
            "action_time": "2024-03-21T11:55:05.234Z",
            "user": 1,
            "content_type": 25,
            "object_id": "20",
            "object_repr": "2534134544",
            "action_flag": 2,
            "change_message": "[]"
        }
    },
    {
        "model": "admin.logentry",
        "pk": 304,
        "fields": {
            "action_time": "2024-03-21T11:55:45.217Z",
            "user": 1,
            "content_type": 24,
            "object_id": "59",
            "object_repr": "2534134544",
            "action_flag": 2,
            "change_message": "[{\"changed\": {\"fields\": [\"Period\"]}}]"
        }
    },
    {
        "model": "admin.logentry",
        "pk": 305,
        "fields": {
            "action_time": "2024-03-21T11:55:47.111Z",
            "user": 1,
            "content_type": 25,
            "object_id": "20",
            "object_repr": "2534134544",
            "action_flag": 2,
            "change_message": "[]"
        }
    },
    {
        "model": "admin.logentry",
        "pk": 306,
        "fields": {
            "action_time": "2024-03-21T11:56:37.203Z",
            "user": 1,
            "content_type": 24,
            "object_id": "59",
            "object_repr": "2534134544",
            "action_flag": 2,
            "change_message": "[{\"changed\": {\"fields\": [\"Period\", \"Number of period\"]}}]"
        }
    },
    {
        "model": "admin.logentry",
        "pk": 307,
        "fields": {
            "action_time": "2024-03-21T11:56:39.036Z",
            "user": 1,
            "content_type": 25,
            "object_id": "20",
            "object_repr": "2534134544",
            "action_flag": 2,
            "change_message": "[]"
        }
    },
    {
        "model": "admin.logentry",
        "pk": 308,
        "fields": {
            "action_time": "2024-03-21T15:49:06.030Z",
            "user": 1,
            "content_type": 29,
            "object_id": "1",
            "object_repr": "3114143145",
            "action_flag": 1,
            "change_message": "[{\"added\": {}}]"
        }
    },
    {
        "model": "admin.logentry",
        "pk": 309,
        "fields": {
            "action_time": "2024-03-21T16:29:06.501Z",
            "user": 1,
            "content_type": 29,
            "object_id": "1",
            "object_repr": "3114143145",
            "action_flag": 2,
            "change_message": "[{\"changed\": {\"fields\": [\"Period\"]}}]"
        }
    },
    {
        "model": "admin.logentry",
        "pk": 310,
        "fields": {
            "action_time": "2024-03-21T16:34:15.769Z",
            "user": 1,
            "content_type": 29,
            "object_id": "1",
            "object_repr": "3114143145",
            "action_flag": 2,
            "change_message": "[{\"changed\": {\"fields\": [\"Period\"]}}]"
        }
    },
    {
        "model": "admin.logentry",
        "pk": 311,
        "fields": {
            "action_time": "2024-03-21T16:34:43.932Z",
            "user": 1,
            "content_type": 29,
            "object_id": "1",
            "object_repr": "3114143145",
            "action_flag": 2,
            "change_message": "[{\"changed\": {\"fields\": [\"Period\"]}}]"
        }
    },
    {
        "model": "admin.logentry",
        "pk": 312,
        "fields": {
            "action_time": "2024-03-21T16:35:16.643Z",
            "user": 1,
            "content_type": 29,
            "object_id": "1",
            "object_repr": "3114143145",
            "action_flag": 2,
            "change_message": "[{\"changed\": {\"fields\": [\"Number of period\"]}}]"
        }
    },
    {
        "model": "admin.logentry",
        "pk": 313,
        "fields": {
            "action_time": "2024-03-21T16:50:02.406Z",
            "user": 1,
            "content_type": 29,
            "object_id": "1",
            "object_repr": "3114143145",
            "action_flag": 2,
            "change_message": "[{\"changed\": {\"fields\": [\"Period\"]}}]"
        }
    },
    {
        "model": "admin.logentry",
        "pk": 314,
        "fields": {
            "action_time": "2024-03-21T16:51:15.024Z",
            "user": 1,
            "content_type": 29,
            "object_id": "1",
            "object_repr": "3114143145",
            "action_flag": 2,
            "change_message": "[{\"changed\": {\"fields\": [\"Period\"]}}]"
        }
    },
    {
        "model": "admin.logentry",
        "pk": 315,
        "fields": {
            "action_time": "2024-03-21T17:13:38.647Z",
            "user": 1,
            "content_type": 29,
            "object_id": "1",
            "object_repr": "3114143145",
            "action_flag": 2,
            "change_message": "[{\"changed\": {\"fields\": [\"Number of period\"]}}]"
        }
    },
    {
        "model": "admin.logentry",
        "pk": 316,
        "fields": {
            "action_time": "2024-03-21T17:54:33.366Z",
            "user": 1,
            "content_type": 29,
            "object_id": "2",
            "object_repr": "2534134544",
            "action_flag": 1,
            "change_message": "[{\"added\": {}}]"
        }
    },
    {
        "model": "admin.logentry",
        "pk": 317,
        "fields": {
            "action_time": "2024-03-21T17:55:00.730Z",
            "user": 1,
            "content_type": 29,
            "object_id": "1",
            "object_repr": "3114143145",
            "action_flag": 2,
            "change_message": "[]"
        }
    },
    {
        "model": "admin.logentry",
        "pk": 318,
        "fields": {
            "action_time": "2024-03-21T21:43:35.326Z",
            "user": 1,
            "content_type": 29,
            "object_id": "2",
            "object_repr": "2534134544",
            "action_flag": 3,
            "change_message": ""
        }
    },
    {
        "model": "admin.logentry",
        "pk": 319,
        "fields": {
            "action_time": "2024-03-21T21:43:35.343Z",
            "user": 1,
            "content_type": 29,
            "object_id": "1",
            "object_repr": "3114143145",
            "action_flag": 3,
            "change_message": ""
        }
    },
    {
        "model": "admin.logentry",
        "pk": 320,
        "fields": {
            "action_time": "2024-03-21T22:22:02.949Z",
            "user": 1,
            "content_type": 29,
            "object_id": "4",
            "object_repr": "3114143145",
            "action_flag": 3,
            "change_message": ""
        }
    },
    {
        "model": "admin.logentry",
        "pk": 321,
        "fields": {
            "action_time": "2024-03-21T22:22:02.961Z",
            "user": 1,
            "content_type": 29,
            "object_id": "3",
            "object_repr": "3114143145",
            "action_flag": 3,
            "change_message": ""
        }
    },
    {
        "model": "admin.logentry",
        "pk": 322,
        "fields": {
            "action_time": "2024-03-22T07:20:11.899Z",
            "user": 1,
            "content_type": 29,
            "object_id": "9",
            "object_repr": "2333532445",
            "action_flag": 3,
            "change_message": ""
        }
    },
    {
        "model": "admin.logentry",
        "pk": 355,
        "fields": {
            "action_time": "2024-03-22T14:28:13.364Z",
            "user": 1,
            "content_type": 25,
            "object_id": "25",
            "object_repr": "2333532445",
            "action_flag": 2,
            "change_message": "[{\"changed\": {\"fields\": [\"Return status\"]}}]"
        }
    },
    {
        "model": "admin.logentry",
        "pk": 356,
        "fields": {
            "action_time": "2024-03-22T14:34:25.923Z",
            "user": 1,
            "content_type": 25,
            "object_id": "24",
            "object_repr": "2412231243",
            "action_flag": 2,
            "change_message": "[{\"changed\": {\"fields\": [\"Return status\"]}}]"
        }
    },
    {
        "model": "admin.logentry",
        "pk": 357,
        "fields": {
            "action_time": "2024-03-22T14:37:11.371Z",
            "user": 1,
            "content_type": 25,
            "object_id": "23",
            "object_repr": "2212524132",
            "action_flag": 2,
            "change_message": "[{\"changed\": {\"fields\": [\"Return status\"]}}]"
        }
    },
    {
        "model": "admin.logentry",
        "pk": 358,
        "fields": {
            "action_time": "2024-03-22T14:38:34.947Z",
            "user": 1,
            "content_type": 25,
            "object_id": "22",
            "object_repr": "2245131244",
            "action_flag": 2,
            "change_message": "[{\"changed\": {\"fields\": [\"Return status\"]}}]"
        }
    },
    {
        "model": "admin.logentry",
        "pk": 359,
        "fields": {
            "action_time": "2024-03-22T14:39:45.826Z",
            "user": 1,
            "content_type": 25,
            "object_id": "21",
            "object_repr": "3114143145",
            "action_flag": 2,
            "change_message": "[{\"changed\": {\"fields\": [\"Return status\"]}}]"
        }
    },
    {
        "model": "admin.logentry",
        "pk": 360,
        "fields": {
            "action_time": "2024-03-22T14:42:04.783Z",
            "user": 1,
            "content_type": 25,
            "object_id": "20",
            "object_repr": "2534134544",
            "action_flag": 2,
            "change_message": "[{\"changed\": {\"fields\": [\"Return status\"]}}]"
        }
    },
    {
        "model": "admin.logentry",
        "pk": 361,
        "fields": {
            "action_time": "2024-03-22T14:44:01.043Z",
            "user": 1,
            "content_type": 25,
            "object_id": "20",
            "object_repr": "2534134544",
            "action_flag": 2,
            "change_message": "[{\"changed\": {\"fields\": [\"Return status\"]}}]"
        }
    },
    {
        "model": "admin.logentry",
        "pk": 362,
        "fields": {
            "action_time": "2024-03-22T14:44:40.227Z",
            "user": 1,
            "content_type": 25,
            "object_id": "20",
            "object_repr": "2534134544",
            "action_flag": 2,
            "change_message": "[{\"changed\": {\"fields\": [\"Return status\"]}}]"
        }
    },
    {
        "model": "admin.logentry",
        "pk": 363,
        "fields": {
            "action_time": "2024-03-22T14:46:26.238Z",
            "user": 1,
            "content_type": 25,
            "object_id": "25",
            "object_repr": "2333532445",
            "action_flag": 2,
            "change_message": "[{\"changed\": {\"fields\": [\"Return status\"]}}]"
        }
    },
    {
        "model": "admin.logentry",
        "pk": 364,
        "fields": {
            "action_time": "2024-03-22T14:47:03.670Z",
            "user": 1,
            "content_type": 25,
            "object_id": "25",
            "object_repr": "2333532445",
            "action_flag": 2,
            "change_message": "[{\"changed\": {\"fields\": [\"Return status\"]}}]"
        }
    },
    {
        "model": "admin.logentry",
        "pk": 365,
        "fields": {
            "action_time": "2024-03-22T14:50:57.034Z",
            "user": 1,
            "content_type": 25,
            "object_id": "25",
            "object_repr": "2333532445",
            "action_flag": 2,
            "change_message": "[{\"changed\": {\"fields\": [\"Return status\"]}}]"
        }
    },
    {
        "model": "admin.logentry",
        "pk": 366,
        "fields": {
            "action_time": "2024-03-22T14:51:10.428Z",
            "user": 1,
            "content_type": 25,
            "object_id": "24",
            "object_repr": "2412231243",
            "action_flag": 2,
            "change_message": "[{\"changed\": {\"fields\": [\"Return status\"]}}]"
        }
    },
    {
        "model": "admin.logentry",
        "pk": 367,
        "fields": {
            "action_time": "2024-03-22T14:51:23.206Z",
            "user": 1,
            "content_type": 25,
            "object_id": "23",
            "object_repr": "2212524132",
            "action_flag": 2,
            "change_message": "[{\"changed\": {\"fields\": [\"Return status\"]}}]"
        }
    },
    {
        "model": "admin.logentry",
        "pk": 368,
        "fields": {
            "action_time": "2024-03-22T14:51:55.771Z",
            "user": 1,
            "content_type": 25,
            "object_id": "22",
            "object_repr": "2245131244",
            "action_flag": 2,
            "change_message": "[{\"changed\": {\"fields\": [\"Return status\"]}}]"
        }
    },
    {
        "model": "admin.logentry",
        "pk": 369,
        "fields": {
            "action_time": "2024-03-22T14:52:06.949Z",
            "user": 1,
            "content_type": 25,
            "object_id": "21",
            "object_repr": "3114143145",
            "action_flag": 2,
            "change_message": "[{\"changed\": {\"fields\": [\"Return status\"]}}]"
        }
    },
    {
        "model": "admin.logentry",
        "pk": 370,
        "fields": {
            "action_time": "2024-03-22T14:52:16.014Z",
            "user": 1,
            "content_type": 25,
            "object_id": "20",
            "object_repr": "2534134544",
            "action_flag": 2,
            "change_message": "[{\"changed\": {\"fields\": [\"Return status\"]}}]"
        }
    },
    {
        "model": "auth.permission",
        "pk": 1,
        "fields": {
            "name": "Can add log entry",
            "content_type": 1,
            "codename": "add_logentry"
        }
    },
    {
        "model": "auth.permission",
        "pk": 2,
        "fields": {
            "name": "Can change log entry",
            "content_type": 1,
            "codename": "change_logentry"
        }
    },
    {
        "model": "auth.permission",
        "pk": 3,
        "fields": {
            "name": "Can delete log entry",
            "content_type": 1,
            "codename": "delete_logentry"
        }
    },
    {
        "model": "auth.permission",
        "pk": 4,
        "fields": {
            "name": "Can view log entry",
            "content_type": 1,
            "codename": "view_logentry"
        }
    },
    {
        "model": "auth.permission",
        "pk": 5,
        "fields": {
            "name": "Can add permission",
            "content_type": 2,
            "codename": "add_permission"
        }
    },
    {
        "model": "auth.permission",
        "pk": 6,
        "fields": {
            "name": "Can change permission",
            "content_type": 2,
            "codename": "change_permission"
        }
    },
    {
        "model": "auth.permission",
        "pk": 7,
        "fields": {
            "name": "Can delete permission",
            "content_type": 2,
            "codename": "delete_permission"
        }
    },
    {
        "model": "auth.permission",
        "pk": 8,
        "fields": {
            "name": "Can view permission",
            "content_type": 2,
            "codename": "view_permission"
        }
    },
    {
        "model": "auth.permission",
        "pk": 9,
        "fields": {
            "name": "Can add group",
            "content_type": 3,
            "codename": "add_group"
        }
    },
    {
        "model": "auth.permission",
        "pk": 10,
        "fields": {
            "name": "Can change group",
            "content_type": 3,
            "codename": "change_group"
        }
    },
    {
        "model": "auth.permission",
        "pk": 11,
        "fields": {
            "name": "Can delete group",
            "content_type": 3,
            "codename": "delete_group"
        }
    },
    {
        "model": "auth.permission",
        "pk": 12,
        "fields": {
            "name": "Can view group",
            "content_type": 3,
            "codename": "view_group"
        }
    },
    {
        "model": "auth.permission",
        "pk": 13,
        "fields": {
            "name": "Can add content type",
            "content_type": 4,
            "codename": "add_contenttype"
        }
    },
    {
        "model": "auth.permission",
        "pk": 14,
        "fields": {
            "name": "Can change content type",
            "content_type": 4,
            "codename": "change_contenttype"
        }
    },
    {
        "model": "auth.permission",
        "pk": 15,
        "fields": {
            "name": "Can delete content type",
            "content_type": 4,
            "codename": "delete_contenttype"
        }
    },
    {
        "model": "auth.permission",
        "pk": 16,
        "fields": {
            "name": "Can view content type",
            "content_type": 4,
            "codename": "view_contenttype"
        }
    },
    {
        "model": "auth.permission",
        "pk": 17,
        "fields": {
            "name": "Can add session",
            "content_type": 5,
            "codename": "add_session"
        }
    },
    {
        "model": "auth.permission",
        "pk": 18,
        "fields": {
            "name": "Can change session",
            "content_type": 5,
            "codename": "change_session"
        }
    },
    {
        "model": "auth.permission",
        "pk": 19,
        "fields": {
            "name": "Can delete session",
            "content_type": 5,
            "codename": "delete_session"
        }
    },
    {
        "model": "auth.permission",
        "pk": 20,
        "fields": {
            "name": "Can view session",
            "content_type": 5,
            "codename": "view_session"
        }
    },
    {
        "model": "auth.permission",
        "pk": 21,
        "fields": {
            "name": "Can add email address",
            "content_type": 6,
            "codename": "add_emailaddress"
        }
    },
    {
        "model": "auth.permission",
        "pk": 22,
        "fields": {
            "name": "Can change email address",
            "content_type": 6,
            "codename": "change_emailaddress"
        }
    },
    {
        "model": "auth.permission",
        "pk": 23,
        "fields": {
            "name": "Can delete email address",
            "content_type": 6,
            "codename": "delete_emailaddress"
        }
    },
    {
        "model": "auth.permission",
        "pk": 24,
        "fields": {
            "name": "Can view email address",
            "content_type": 6,
            "codename": "view_emailaddress"
        }
    },
    {
        "model": "auth.permission",
        "pk": 25,
        "fields": {
            "name": "Can add email confirmation",
            "content_type": 7,
            "codename": "add_emailconfirmation"
        }
    },
    {
        "model": "auth.permission",
        "pk": 26,
        "fields": {
            "name": "Can change email confirmation",
            "content_type": 7,
            "codename": "change_emailconfirmation"
        }
    },
    {
        "model": "auth.permission",
        "pk": 27,
        "fields": {
            "name": "Can delete email confirmation",
            "content_type": 7,
            "codename": "delete_emailconfirmation"
        }
    },
    {
        "model": "auth.permission",
        "pk": 28,
        "fields": {
            "name": "Can view email confirmation",
            "content_type": 7,
            "codename": "view_emailconfirmation"
        }
    },
    {
        "model": "auth.permission",
        "pk": 29,
        "fields": {
            "name": "Can add social account",
            "content_type": 8,
            "codename": "add_socialaccount"
        }
    },
    {
        "model": "auth.permission",
        "pk": 30,
        "fields": {
            "name": "Can change social account",
            "content_type": 8,
            "codename": "change_socialaccount"
        }
    },
    {
        "model": "auth.permission",
        "pk": 31,
        "fields": {
            "name": "Can delete social account",
            "content_type": 8,
            "codename": "delete_socialaccount"
        }
    },
    {
        "model": "auth.permission",
        "pk": 32,
        "fields": {
            "name": "Can view social account",
            "content_type": 8,
            "codename": "view_socialaccount"
        }
    },
    {
        "model": "auth.permission",
        "pk": 33,
        "fields": {
            "name": "Can add social application",
            "content_type": 9,
            "codename": "add_socialapp"
        }
    },
    {
        "model": "auth.permission",
        "pk": 34,
        "fields": {
            "name": "Can change social application",
            "content_type": 9,
            "codename": "change_socialapp"
        }
    },
    {
        "model": "auth.permission",
        "pk": 35,
        "fields": {
            "name": "Can delete social application",
            "content_type": 9,
            "codename": "delete_socialapp"
        }
    },
    {
        "model": "auth.permission",
        "pk": 36,
        "fields": {
            "name": "Can view social application",
            "content_type": 9,
            "codename": "view_socialapp"
        }
    },
    {
        "model": "auth.permission",
        "pk": 37,
        "fields": {
            "name": "Can add social application token",
            "content_type": 10,
            "codename": "add_socialtoken"
        }
    },
    {
        "model": "auth.permission",
        "pk": 38,
        "fields": {
            "name": "Can change social application token",
            "content_type": 10,
            "codename": "change_socialtoken"
        }
    },
    {
        "model": "auth.permission",
        "pk": 39,
        "fields": {
            "name": "Can delete social application token",
            "content_type": 10,
            "codename": "delete_socialtoken"
        }
    },
    {
        "model": "auth.permission",
        "pk": 40,
        "fields": {
            "name": "Can view social application token",
            "content_type": 10,
            "codename": "view_socialtoken"
        }
    },
    {
        "model": "auth.permission",
        "pk": 41,
        "fields": {
            "name": "Can add user",
            "content_type": 11,
            "codename": "add_user"
        }
    },
    {
        "model": "auth.permission",
        "pk": 42,
        "fields": {
            "name": "Can change user",
            "content_type": 11,
            "codename": "change_user"
        }
    },
    {
        "model": "auth.permission",
        "pk": 43,
        "fields": {
            "name": "Can delete user",
            "content_type": 11,
            "codename": "delete_user"
        }
    },
    {
        "model": "auth.permission",
        "pk": 44,
        "fields": {
            "name": "Can view user",
            "content_type": 11,
            "codename": "view_user"
        }
    },
    {
        "model": "auth.permission",
        "pk": 45,
        "fields": {
            "name": "Can add user profile",
            "content_type": 12,
            "codename": "add_userprofile"
        }
    },
    {
        "model": "auth.permission",
        "pk": 46,
        "fields": {
            "name": "Can change user profile",
            "content_type": 12,
            "codename": "change_userprofile"
        }
    },
    {
        "model": "auth.permission",
        "pk": 47,
        "fields": {
            "name": "Can delete user profile",
            "content_type": 12,
            "codename": "delete_userprofile"
        }
    },
    {
        "model": "auth.permission",
        "pk": 48,
        "fields": {
            "name": "Can view user profile",
            "content_type": 12,
            "codename": "view_userprofile"
        }
    },
    {
        "model": "auth.permission",
        "pk": 49,
        "fields": {
            "name": "Can add address",
            "content_type": 13,
            "codename": "add_address"
        }
    },
    {
        "model": "auth.permission",
        "pk": 50,
        "fields": {
            "name": "Can change address",
            "content_type": 13,
            "codename": "change_address"
        }
    },
    {
        "model": "auth.permission",
        "pk": 51,
        "fields": {
            "name": "Can delete address",
            "content_type": 13,
            "codename": "delete_address"
        }
    },
    {
        "model": "auth.permission",
        "pk": 52,
        "fields": {
            "name": "Can view address",
            "content_type": 13,
            "codename": "view_address"
        }
    },
    {
        "model": "auth.permission",
        "pk": 53,
        "fields": {
            "name": "Can add brand",
            "content_type": 14,
            "codename": "add_brand"
        }
    },
    {
        "model": "auth.permission",
        "pk": 54,
        "fields": {
            "name": "Can change brand",
            "content_type": 14,
            "codename": "change_brand"
        }
    },
    {
        "model": "auth.permission",
        "pk": 55,
        "fields": {
            "name": "Can delete brand",
            "content_type": 14,
            "codename": "delete_brand"
        }
    },
    {
        "model": "auth.permission",
        "pk": 56,
        "fields": {
            "name": "Can view brand",
            "content_type": 14,
            "codename": "view_brand"
        }
    },
    {
        "model": "auth.permission",
        "pk": 57,
        "fields": {
            "name": "Can add car",
            "content_type": 15,
            "codename": "add_car"
        }
    },
    {
        "model": "auth.permission",
        "pk": 58,
        "fields": {
            "name": "Can change car",
            "content_type": 15,
            "codename": "change_car"
        }
    },
    {
        "model": "auth.permission",
        "pk": 59,
        "fields": {
            "name": "Can delete car",
            "content_type": 15,
            "codename": "delete_car"
        }
    },
    {
        "model": "auth.permission",
        "pk": 60,
        "fields": {
            "name": "Can view car",
            "content_type": 15,
            "codename": "view_car"
        }
    },
    {
        "model": "auth.permission",
        "pk": 61,
        "fields": {
            "name": "Can add category",
            "content_type": 16,
            "codename": "add_category"
        }
    },
    {
        "model": "auth.permission",
        "pk": 62,
        "fields": {
            "name": "Can change category",
            "content_type": 16,
            "codename": "change_category"
        }
    },
    {
        "model": "auth.permission",
        "pk": 63,
        "fields": {
            "name": "Can delete category",
            "content_type": 16,
            "codename": "delete_category"
        }
    },
    {
        "model": "auth.permission",
        "pk": 64,
        "fields": {
            "name": "Can view category",
            "content_type": 16,
            "codename": "view_category"
        }
    },
    {
        "model": "auth.permission",
        "pk": 65,
        "fields": {
            "name": "Can add car images",
            "content_type": 17,
            "codename": "add_carimages"
        }
    },
    {
        "model": "auth.permission",
        "pk": 66,
        "fields": {
            "name": "Can change car images",
            "content_type": 17,
            "codename": "change_carimages"
        }
    },
    {
        "model": "auth.permission",
        "pk": 67,
        "fields": {
            "name": "Can delete car images",
            "content_type": 17,
            "codename": "delete_carimages"
        }
    },
    {
        "model": "auth.permission",
        "pk": 68,
        "fields": {
            "name": "Can view car images",
            "content_type": 17,
            "codename": "view_carimages"
        }
    },
    {
        "model": "auth.permission",
        "pk": 69,
        "fields": {
            "name": "Can add fuel_ type",
            "content_type": 18,
            "codename": "add_fuel_type"
        }
    },
    {
        "model": "auth.permission",
        "pk": 70,
        "fields": {
            "name": "Can change fuel_ type",
            "content_type": 18,
            "codename": "change_fuel_type"
        }
    },
    {
        "model": "auth.permission",
        "pk": 71,
        "fields": {
            "name": "Can delete fuel_ type",
            "content_type": 18,
            "codename": "delete_fuel_type"
        }
    },
    {
        "model": "auth.permission",
        "pk": 72,
        "fields": {
            "name": "Can view fuel_ type",
            "content_type": 18,
            "codename": "view_fuel_type"
        }
    },
    {
        "model": "auth.permission",
        "pk": 73,
        "fields": {
            "name": "Can add transmission",
            "content_type": 19,
            "codename": "add_transmission"
        }
    },
    {
        "model": "auth.permission",
        "pk": 74,
        "fields": {
            "name": "Can change transmission",
            "content_type": 19,
            "codename": "change_transmission"
        }
    },
    {
        "model": "auth.permission",
        "pk": 75,
        "fields": {
            "name": "Can delete transmission",
            "content_type": 19,
            "codename": "delete_transmission"
        }
    },
    {
        "model": "auth.permission",
        "pk": 76,
        "fields": {
            "name": "Can view transmission",
            "content_type": 19,
            "codename": "view_transmission"
        }
    },
    {
        "model": "auth.permission",
        "pk": 77,
        "fields": {
            "name": "Can add specification",
            "content_type": 20,
            "codename": "add_specification"
        }
    },
    {
        "model": "auth.permission",
        "pk": 78,
        "fields": {
            "name": "Can change specification",
            "content_type": 20,
            "codename": "change_specification"
        }
    },
    {
        "model": "auth.permission",
        "pk": 79,
        "fields": {
            "name": "Can delete specification",
            "content_type": 20,
            "codename": "delete_specification"
        }
    },
    {
        "model": "auth.permission",
        "pk": 80,
        "fields": {
            "name": "Can view specification",
            "content_type": 20,
            "codename": "view_specification"
        }
    },
    {
        "model": "auth.permission",
        "pk": 81,
        "fields": {
            "name": "Can add review",
            "content_type": 21,
            "codename": "add_review"
        }
    },
    {
        "model": "auth.permission",
        "pk": 82,
        "fields": {
            "name": "Can change review",
            "content_type": 21,
            "codename": "change_review"
        }
    },
    {
        "model": "auth.permission",
        "pk": 83,
        "fields": {
            "name": "Can delete review",
            "content_type": 21,
            "codename": "delete_review"
        }
    },
    {
        "model": "auth.permission",
        "pk": 84,
        "fields": {
            "name": "Can view review",
            "content_type": 21,
            "codename": "view_review"
        }
    },
    {
        "model": "auth.permission",
        "pk": 85,
        "fields": {
            "name": "Can add features",
            "content_type": 22,
            "codename": "add_features"
        }
    },
    {
        "model": "auth.permission",
        "pk": 86,
        "fields": {
            "name": "Can change features",
            "content_type": 22,
            "codename": "change_features"
        }
    },
    {
        "model": "auth.permission",
        "pk": 87,
        "fields": {
            "name": "Can delete features",
            "content_type": 22,
            "codename": "delete_features"
        }
    },
    {
        "model": "auth.permission",
        "pk": 88,
        "fields": {
            "name": "Can view features",
            "content_type": 22,
            "codename": "view_features"
        }
    },
    {
        "model": "auth.permission",
        "pk": 89,
        "fields": {
            "name": "Can add saved_ car",
            "content_type": 23,
            "codename": "add_saved_car"
        }
    },
    {
        "model": "auth.permission",
        "pk": 90,
        "fields": {
            "name": "Can change saved_ car",
            "content_type": 23,
            "codename": "change_saved_car"
        }
    },
    {
        "model": "auth.permission",
        "pk": 91,
        "fields": {
            "name": "Can delete saved_ car",
            "content_type": 23,
            "codename": "delete_saved_car"
        }
    },
    {
        "model": "auth.permission",
        "pk": 92,
        "fields": {
            "name": "Can view saved_ car",
            "content_type": 23,
            "codename": "view_saved_car"
        }
    },
    {
        "model": "auth.permission",
        "pk": 93,
        "fields": {
            "name": "Can add rent",
            "content_type": 24,
            "codename": "add_rent"
        }
    },
    {
        "model": "auth.permission",
        "pk": 94,
        "fields": {
            "name": "Can change rent",
            "content_type": 24,
            "codename": "change_rent"
        }
    },
    {
        "model": "auth.permission",
        "pk": 95,
        "fields": {
            "name": "Can delete rent",
            "content_type": 24,
            "codename": "delete_rent"
        }
    },
    {
        "model": "auth.permission",
        "pk": 96,
        "fields": {
            "name": "Can view rent",
            "content_type": 24,
            "codename": "view_rent"
        }
    },
    {
        "model": "auth.permission",
        "pk": 97,
        "fields": {
            "name": "Can add rented_ car",
            "content_type": 25,
            "codename": "add_rented_car"
        }
    },
    {
        "model": "auth.permission",
        "pk": 98,
        "fields": {
            "name": "Can change rented_ car",
            "content_type": 25,
            "codename": "change_rented_car"
        }
    },
    {
        "model": "auth.permission",
        "pk": 99,
        "fields": {
            "name": "Can delete rented_ car",
            "content_type": 25,
            "codename": "delete_rented_car"
        }
    },
    {
        "model": "auth.permission",
        "pk": 100,
        "fields": {
            "name": "Can view rented_ car",
            "content_type": 25,
            "codename": "view_rented_car"
        }
    },
    {
        "model": "auth.permission",
        "pk": 101,
        "fields": {
            "name": "Can add license detail",
            "content_type": 26,
            "codename": "add_licensedetail"
        }
    },
    {
        "model": "auth.permission",
        "pk": 102,
        "fields": {
            "name": "Can change license detail",
            "content_type": 26,
            "codename": "change_licensedetail"
        }
    },
    {
        "model": "auth.permission",
        "pk": 103,
        "fields": {
            "name": "Can delete license detail",
            "content_type": 26,
            "codename": "delete_licensedetail"
        }
    },
    {
        "model": "auth.permission",
        "pk": 104,
        "fields": {
            "name": "Can view license detail",
            "content_type": 26,
            "codename": "view_licensedetail"
        }
    },
    {
        "model": "auth.permission",
        "pk": 105,
        "fields": {
            "name": "Can add customization",
            "content_type": 27,
            "codename": "add_customization"
        }
    },
    {
        "model": "auth.permission",
        "pk": 106,
        "fields": {
            "name": "Can change customization",
            "content_type": 27,
            "codename": "change_customization"
        }
    },
    {
        "model": "auth.permission",
        "pk": 107,
        "fields": {
            "name": "Can delete customization",
            "content_type": 27,
            "codename": "delete_customization"
        }
    },
    {
        "model": "auth.permission",
        "pk": 108,
        "fields": {
            "name": "Can view customization",
            "content_type": 27,
            "codename": "view_customization"
        }
    },
    {
        "model": "auth.permission",
        "pk": 109,
        "fields": {
            "name": "Can add notification",
            "content_type": 28,
            "codename": "add_notification"
        }
    },
    {
        "model": "auth.permission",
        "pk": 110,
        "fields": {
            "name": "Can change notification",
            "content_type": 28,
            "codename": "change_notification"
        }
    },
    {
        "model": "auth.permission",
        "pk": 111,
        "fields": {
            "name": "Can delete notification",
            "content_type": 28,
            "codename": "delete_notification"
        }
    },
    {
        "model": "auth.permission",
        "pk": 112,
        "fields": {
            "name": "Can view notification",
            "content_type": 28,
            "codename": "view_notification"
        }
    },
    {
        "model": "auth.permission",
        "pk": 113,
        "fields": {
            "name": "Can add extended_ rent",
            "content_type": 29,
            "codename": "add_extended_rent"
        }
    },
    {
        "model": "auth.permission",
        "pk": 114,
        "fields": {
            "name": "Can change extended_ rent",
            "content_type": 29,
            "codename": "change_extended_rent"
        }
    },
    {
        "model": "auth.permission",
        "pk": 115,
        "fields": {
            "name": "Can delete extended_ rent",
            "content_type": 29,
            "codename": "delete_extended_rent"
        }
    },
    {
        "model": "auth.permission",
        "pk": 116,
        "fields": {
            "name": "Can view extended_ rent",
            "content_type": 29,
            "codename": "view_extended_rent"
        }
    },
    {
        "model": "contenttypes.contenttype",
        "pk": 1,
        "fields": {
            "app_label": "admin",
            "model": "logentry"
        }
    },
    {
        "model": "contenttypes.contenttype",
        "pk": 2,
        "fields": {
            "app_label": "auth",
            "model": "permission"
        }
    },
    {
        "model": "contenttypes.contenttype",
        "pk": 3,
        "fields": {
            "app_label": "auth",
            "model": "group"
        }
    },
    {
        "model": "contenttypes.contenttype",
        "pk": 4,
        "fields": {
            "app_label": "contenttypes",
            "model": "contenttype"
        }
    },
    {
        "model": "contenttypes.contenttype",
        "pk": 5,
        "fields": {
            "app_label": "sessions",
            "model": "session"
        }
    },
    {
        "model": "contenttypes.contenttype",
        "pk": 6,
        "fields": {
            "app_label": "account",
            "model": "emailaddress"
        }
    },
    {
        "model": "contenttypes.contenttype",
        "pk": 7,
        "fields": {
            "app_label": "account",
            "model": "emailconfirmation"
        }
    },
    {
        "model": "contenttypes.contenttype",
        "pk": 8,
        "fields": {
            "app_label": "socialaccount",
            "model": "socialaccount"
        }
    },
    {
        "model": "contenttypes.contenttype",
        "pk": 9,
        "fields": {
            "app_label": "socialaccount",
            "model": "socialapp"
        }
    },
    {
        "model": "contenttypes.contenttype",
        "pk": 10,
        "fields": {
            "app_label": "socialaccount",
            "model": "socialtoken"
        }
    },
    {
        "model": "contenttypes.contenttype",
        "pk": 11,
        "fields": {
            "app_label": "userauths",
            "model": "user"
        }
    },
    {
        "model": "contenttypes.contenttype",
        "pk": 12,
        "fields": {
            "app_label": "users",
            "model": "userprofile"
        }
    },
    {
        "model": "contenttypes.contenttype",
        "pk": 13,
        "fields": {
            "app_label": "users",
            "model": "address"
        }
    },
    {
        "model": "contenttypes.contenttype",
        "pk": 14,
        "fields": {
            "app_label": "cars",
            "model": "brand"
        }
    },
    {
        "model": "contenttypes.contenttype",
        "pk": 15,
        "fields": {
            "app_label": "cars",
            "model": "car"
        }
    },
    {
        "model": "contenttypes.contenttype",
        "pk": 16,
        "fields": {
            "app_label": "cars",
            "model": "category"
        }
    },
    {
        "model": "contenttypes.contenttype",
        "pk": 17,
        "fields": {
            "app_label": "cars",
            "model": "carimages"
        }
    },
    {
        "model": "contenttypes.contenttype",
        "pk": 18,
        "fields": {
            "app_label": "cars",
            "model": "fuel_type"
        }
    },
    {
        "model": "contenttypes.contenttype",
        "pk": 19,
        "fields": {
            "app_label": "cars",
            "model": "transmission"
        }
    },
    {
        "model": "contenttypes.contenttype",
        "pk": 20,
        "fields": {
            "app_label": "cars",
            "model": "specification"
        }
    },
    {
        "model": "contenttypes.contenttype",
        "pk": 21,
        "fields": {
            "app_label": "cars",
            "model": "review"
        }
    },
    {
        "model": "contenttypes.contenttype",
        "pk": 22,
        "fields": {
            "app_label": "cars",
            "model": "features"
        }
    },
    {
        "model": "contenttypes.contenttype",
        "pk": 23,
        "fields": {
            "app_label": "users",
            "model": "saved_car"
        }
    },
    {
        "model": "contenttypes.contenttype",
        "pk": 24,
        "fields": {
            "app_label": "rent",
            "model": "rent"
        }
    },
    {
        "model": "contenttypes.contenttype",
        "pk": 25,
        "fields": {
            "app_label": "rent",
            "model": "rented_car"
        }
    },
    {
        "model": "contenttypes.contenttype",
        "pk": 26,
        "fields": {
            "app_label": "users",
            "model": "licensedetail"
        }
    },
    {
        "model": "contenttypes.contenttype",
        "pk": 27,
        "fields": {
            "app_label": "core",
            "model": "customization"
        }
    },
    {
        "model": "contenttypes.contenttype",
        "pk": 28,
        "fields": {
            "app_label": "users",
            "model": "notification"
        }
    },
    {
        "model": "contenttypes.contenttype",
        "pk": 29,
        "fields": {
            "app_label": "rent",
            "model": "extended_rent"
        }
    },
    {
        "model": "sessions.session",
        "pk": "15tlz29ipw9qj9ccg9j7pzpgr2xz5h74",
        "fields": {
            "session_data": ".eJxtUctOwzAQ_Befo8iP-NUbiL9AKFo7WxKRxlXiIFDFv7NJQ0UKJ9szO7O74wuDGNM85Brm3OKQuwi5S0N9wtymZmKH5wu73tmBTSl20G8KVjDI7CCs4N4o7XSpdOW1lwU7j-m9a3AkyWtKrz1S7dwtDkJo7j1X3FjNubdGWu3Y10vB1gHqecKxXisl22EB4hsOCwF9v8DlNka51mz0VD7s1njcVDurFqaWfALA0Tg0qD1NLbQBAGmVswiyajSgR-2qxgjFg5KWcBtCpYIBFZ0Qdtn_b3bY1PepGNrUuYJF2FYTJD3j2K2ZPsEnPYf5FGi0dKxvxBIAfmTyJc-Rjvpm4IlakWtSSimtZFXpH0VDirsGN_yfTuI3v-9Ef_MNmqmwYA:1roekx:4o28Pv0o-syuYSmdHhmilrSrbBBd41vALEd45Kq-NBc",
            "expire_date": "2024-04-08T07:28:31.608Z"
        }
    },
    {
        "model": "sessions.session",
        "pk": "2n7z2hs47krwt0dnbdrxeki7aylb37vk",
        "fields": {
            "session_data": ".eJxVjMsOwiAQRf-FtSHlDS7d-w1kYAapGkhKuzL-uzbpQrf3nHNfLMK21rgNWuKM7MwEO_1uCfKD2g7wDu3Wee5tXebEd4UfdPBrR3peDvfvoMKo39oDCJLFF1fIhxKclAoIw4SavIRJOC-MMBItKq2KVCETGSJrizdJW_b-AO3lN-8:1rZFH3:h6-NxZJ2WuQrnM2WdXmpdh4Ya6DepZuU8VT9GoWRsKQ",
            "expire_date": "2024-02-25T19:13:57.948Z"
        }
    },
    {
        "model": "sessions.session",
        "pk": "2uy9qokpag2vy4766xcxeinbs2ya320m",
        "fields": {
            "session_data": ".eJxlUMtuhDAQ-5c5I5TXDAm37m9UFZo8uqBSUkHoZbX_XqBcaG8jj23ZfgCHkNepdLyWPk1lCFyGPHWfqfQ5LtC-PuD3hhaWHAYeTwVUwAVa2UghyGiNtdCKlMMKvub8PcQ0b5J7zvcxbdx12B2ktFKibYikQamFJRQEz7cKjgDduqS5O5gaLpjn8JGm_cHjuMP1GaM-OOd7qV8uNW6n6mLV89JvPkII5b3BRmhiQvaJpSBqEloXTPQxRmVQWYqNdz5KphSddcJbhe-Mdu__f7sUu7-rEDonzfMHnlp0VA:1rjFqp:bHkO3q5-Wt5-rtkjoRRLHauOdgK1uKtwnUrdJ1vFNOc",
            "expire_date": "2024-03-24T09:52:15.096Z"
        }
    },
    {
        "model": "sessions.session",
        "pk": "36y6587y7w9err2mzrvmpk7qdlltddhc",
        "fields": {
            "session_data": ".eJxVjMsOwiAQRf-FtSHAVB4u3fsNZGAGqRqalHZl_HfbpAvdnnPufYuI61Lj2nmOI4mL0OL0yxLmJ7dd0APbfZJ5ass8Jrkn8rBd3ibi1_Vo_w4q9rqti3FkMzhWdtAevCPYwAAWUyFQuXgdAhgGYDasvTIllGLpTI7RBiM-X9RfN74:1rnGy6:oSNwRJkt6OcIIAK9dLmMmUypIJSNngq24KvFS76J6MU",
            "expire_date": "2024-04-04T11:52:22.420Z"
        }
    },
    {
        "model": "sessions.session",
        "pk": "ceke3qa9c7oi8nv2kt65oyq9wk3889lo",
        "fields": {
            "session_data": ".eJxVjMsOwiAQRf-FtSHlDS7d-w1kYAapGkhKuzL-uzbpQrf3nHNfLMK21rgNWuKM7MwEO_1uCfKD2g7wDu3Wee5tXebEd4UfdPBrR3peDvfvoMKo39oDCJLFF1fIhxKclAoIw4SavIRJOC-MMBItKq2KVCETGSJrizdJW_b-AO3lN-8:1rgJvj:gKl9sHQT-50B3MYpLGqoZEYIEA9jdfibOH4EBeCkbCA",
            "expire_date": "2024-03-16T07:37:11.932Z"
        }
    },
    {
        "model": "sessions.session",
        "pk": "h42ive4zi8fa5y5vq89wb6ru1ai5jpua",
        "fields": {
            "session_data": ".eJxVjMsOwiAQRf-FtSHAVB4u3fsNZGAGqRqalHZl_HfbpAvdnnPufYuI61Lj2nmOI4mL0OL0yxLmJ7dd0APbfZJ5ass8Jrkn8rBd3ibi1_Vo_w4q9rqti3FkMzhWdtAevCPYwAAWUyFQuXgdAhgGYDasvTIllGLpTI7RBiM-X9RfN74:1rmztY:qLImKGkdJh6d778SnYG2YPTYagJkFO15pdEVcrrMHe8",
            "expire_date": "2024-04-03T17:38:32.756Z"
        }
    },
    {
        "model": "sessions.session",
        "pk": "k0igwxeh15hkq3c449tbpdki7eyqun5n",
        "fields": {
            "session_data": ".eJxVjs0OwiAQhN-FsyGFrfx4NF59BrLAYusPmNYejPHdhaQxevxmZmfnxRwuj8EtM01ujGzHBNv8ah7DhXIz4hnzqfBQ8mMaPW8RvrozP5ZI1_2a_SsYcB7qdZI6qgCaOtULA0ZHqEIPCn2K0IVkhLUgCYBIkjCdTDYlFbdREyora2nAdWKDO01jaXDAZ8W83Hx9VpL7GoK9P3e9R40:1rkvQk:D66P4DlZ3-7gPbb2-qmfa_DfBoLu8HdIXVMNXmFheNo",
            "expire_date": "2024-03-29T00:28:14.387Z"
        }
    },
    {
        "model": "sessions.session",
        "pk": "kkqxyq0vmo5bklguezd7r5e8eoaknx0q",
        "fields": {
            "session_data": ".eJxlUMtqwzAQ_Jc9G6O3rNwa-heliJW8iU0dK9hyoYT8e2XXFNzepJ0HM_MAjDEtY_a45I7G3EfMfRr9jXKX2hlObw_4ecMJ5hR7HHYFVIAZTtwy65RsrKmZtE4qXcF9Sp99S1ORXFO6DlS4S786cK6Zc0wyYzVjzhphdQPP9wq2AH6ZafIbU8DhFjB-0LgCOAzrud5j1Btnh-f65VDjvKsOVh3OXfEJiBfTkCHtnHZcG0QUthQhFKrVSI50o1rDJQtS2HK3ISgZDMrYcG7X_v-3o9b_XUUrI0xZJeJejRfpnaZ-2_QVv8p3XG6hREsX_wtweH4Di9aEMg:1ree0u:z9_BNzbNKOCQrHzTdY8_xuZYnW0Gq2UCL8Xs6qCOI7g",
            "expire_date": "2024-03-11T16:39:36.535Z"
        }
    },
    {
        "model": "sessions.session",
        "pk": "ux7d4twz5f7nytfkxggrbnog49t20wuv",
        "fields": {
            "session_data": ".eJxVkN1OwzAMhd8l12O0TWnXXe6HikGHNmBDQihKE6ct65KSJlM3xLuTTgiNG8s-57Nl-wsxqknF0Rj5aIAa0JXqixk9ulLafQ6aKEH-jDO1Y0CY4kAOThYVaGc8NavDyr-Czd1W1sUyi6y3SedCVuncduuuMC-r2XP8-DzfLqZhfbhSa5wfjzKbLxcZTl-p3WC78Lwmb8AIOVsn3ESJ2N9WH4ENGUwgxnm3_9QseG3w1KxYqlJPiE-xwCRJ1vdur1axitaUMWWlIa2hBtD47QtJ6Izb8FqDNOdAGlpAf4hWDNrWebUqKtmPYKpxTcil1JrSgZruewB9D9BJ7SaFKTr5sMxOWRmh9wEiZ8y2cPHFCy2nbAeyN_gHlYUaMiWNrvJhjwx_3XaYuWfWk1_234CStqXrFkHMI4Zj8KLQH-FRzLETQhzRXHDsMTHykwQHgDFAAP7IC0QiRMRveAw0SgL0_QO5CqJ6:1rld41:yZ-Ue-HQZxd75Wy08dgVNcP---BdIMaTKrNddEJHKGw",
            "expire_date": "2024-03-30T23:03:41.252Z"
        }
    },
    {
        "model": "sessions.session",
        "pk": "xw74vqaotpjefkl3fgy5pd2ftbt5u3l2",
        "fields": {
            "session_data": ".eJxVjMsOwiAQRf-FtSHlDS7d-w1kYAapGkhKuzL-uzbpQrf3nHNfLMK21rgNWuKM7MwEO_1uCfKD2g7wDu3Wee5tXebEd4UfdPBrR3peDvfvoMKo39oDCJLFF1fIhxKclAoIw4SavIRJOC-MMBItKq2KVCETGSJrizdJW_b-AO3lN-8:1raMOI:xNY5PnDUA7QTybTi7KdvX0OP27yRGecTdNYCDDkyogw",
            "expire_date": "2024-02-28T21:02:02.931Z"
        }
    },
    {
        "model": "sessions.session",
        "pk": "zvqlkrlsks68xmtuu26urjv3jy2gs2sc",
        "fields": {
            "session_data": ".eJxVj80OgjAQhN-lZ0Loz7bUm8b3aLZ_gYjFQDkY47tbSGP0ODM73-6-iMEtD2Zbw2JGT04ESPPrWXS3kPYAp2m3W3Ru3lJuj5kar-25qJDy6DCPc7rU1h9qwHUoHCaY7amnoCLjTIXoEYVCtLaXXCGzkoG00ftItcIOQAfFOy4dOC-8FQVaTzjYdWnwBjM5UUU7DZJr3ULHQfYNcVg_o7xUH2EZ511d8Vlk2u62nDZH8w0oeX8AiuFaqA:1rmzzI:spcj1fu9Ym_aoJGmV49KkArZAy5S3Ys-Slri27KSteg",
            "expire_date": "2024-04-03T17:44:28.945Z"
        }
    },
    {
        "model": "account.emailaddress",
        "pk": 1,
        "fields": {
            "user": 2,
            "email": "shaheer.mudassar13@gmail.com",
            "verified": true,
            "primary": true
        }
    },
    {
        "model": "account.emailaddress",
        "pk": 2,
        "fields": {
            "user": 3,
            "email": "shaheer.mudassar14@gmail.com",
            "verified": true,
            "primary": true
        }
    },
    {
        "model": "account.emailaddress",
        "pk": 4,
        "fields": {
            "user": 1,
            "email": "shaheer10@gmail.com",
            "verified": false,
            "primary": false
        }
    },
    {
        "model": "account.emailaddress",
        "pk": 5,
        "fields": {
            "user": 5,
            "email": "teambazarsquare@gmail.com",
            "verified": true,
            "primary": true
        }
    },
    {
        "model": "socialaccount.socialapp",
        "pk": 1,
        "fields": {
            "provider": "google",
            "provider_id": "",
            "name": "Google",
            "client_id": "717710135674-metvdkoncj0uvekh65rlarct12r82re2.apps.googleusercontent.com",
            "secret": "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",
            "key": "",
            "settings": {}
        }
    },
    {
        "model": "socialaccount.socialaccount",
        "pk": 1,
        "fields": {
            "user": 2,
            "provider": "google",
            "uid": "115099030675009762758",
            "last_login": "2024-03-20T19:39:45.331Z",
            "date_joined": "2024-02-11T18:39:36.260Z",
            "extra_data": {
                "aud": "717710135674-metvdkoncj0uvekh65rlarct12r82re2.apps.googleusercontent.com",
                "azp": "717710135674-metvdkoncj0uvekh65rlarct12r82re2.apps.googleusercontent.com",
                "exp": 1710967186,
                "iat": 1710963586,
                "iss": "https://accounts.google.com",
                "sub": "115099030675009762758",
                "name": "Shaheer Mudassar",
                "email": "shaheer.mudassar13@gmail.com",
                "at_hash": "AZG3cf7oKhiUgqr57A6hBg",
                "picture": "https://lh3.googleusercontent.com/a/ACg8ocI6x_nZBa5rKvKNvnAeeHzFtDNm8Jrx8KcZBZKLhTagPv0=s96-c",
                "given_name": "Shaheer",
                "family_name": "Mudassar",
                "email_verified": true
            }
        }
    },
    {
        "model": "socialaccount.socialaccount",
        "pk": 2,
        "fields": {
            "user": 3,
            "provider": "google",
            "uid": "118115876614513086506",
            "last_login": "2024-03-10T09:52:15.032Z",
            "date_joined": "2024-02-26T16:49:24.385Z",
            "extra_data": {
                "aud": "717710135674-metvdkoncj0uvekh65rlarct12r82re2.apps.googleusercontent.com",
                "azp": "717710135674-metvdkoncj0uvekh65rlarct12r82re2.apps.googleusercontent.com",
                "exp": 1710067935,
                "iat": 1710064335,
                "iss": "https://accounts.google.com",
                "sub": "118115876614513086506",
                "name": "Shaheer Mudassar",
                "email": "shaheer.mudassar14@gmail.com",
                "locale": "en",
                "at_hash": "NuOKcohWsvtKZTK4hGFTow",
                "picture": "https://lh3.googleusercontent.com/a/ACg8ocKnYZ02GkqoMtJjPjp2XQ00H5Mc4b3uaP9gXXnmDBSh=s96-c",
                "given_name": "Shaheer",
                "family_name": "Mudassar",
                "email_verified": true
            }
        }
    },
    {
        "model": "socialaccount.socialaccount",
        "pk": 4,
        "fields": {
            "user": 5,
            "provider": "google",
            "uid": "100572582115165692097",
            "last_login": "2024-03-20T17:39:59.488Z",
            "date_joined": "2024-03-20T17:39:59.488Z",
            "extra_data": {
                "aud": "717710135674-metvdkoncj0uvekh65rlarct12r82re2.apps.googleusercontent.com",
                "azp": "717710135674-metvdkoncj0uvekh65rlarct12r82re2.apps.googleusercontent.com",
                "exp": 1710960000,
                "iat": 1710956400,
                "iss": "https://accounts.google.com",
                "sub": "100572582115165692097",
                "name": "Bazar Square",
                "email": "teambazarsquare@gmail.com",
                "at_hash": "kEN0ec0_A1x9X39z4hB5xA",
                "picture": "https://lh3.googleusercontent.com/a/ACg8ocI4zh9jOKaftUZX8WpHBOO8hii_BKcdxnz_dBQ-kegt-w=s96-c",
                "given_name": "Bazar Square",
                "email_verified": true
            }
        }
    },
    {
        "model": "core.customization",
        "pk": 6,
        "fields": {
            "title": "Customizations",
            "main_small_heading": "Find Cars For Rent Near You",
            "main_large_heading": "Rent Your Dream Car",
            "main_screen_image_desktop": "Images/Main_Images_Desktop/car-4k-background.jpg",
            "main_screen_image_mobile": "Images/Main_Images_Mobile/main_slider_mobile.jpg",
            "listing_image_desktop": "Images/Listing_Images_desktop/listing-main-image.jpg",
            "listing_image_mobile": "Images/Listing_Images_mobile/listing-main-image.jpg"
        }
    },
    {
        "model": "userauths.user",
        "pk": 1,
        "fields": {
            "password": "pbkdf2_sha256$720000$jy9xLj08yfqobUvEGzCgqr$YCKnjymez1xpcTG071KHAaq2IrHjAE6Ke+B/7a6wpT8=",
            "last_login": "2024-03-21T11:52:22.412Z",
            "is_superuser": true,
            "first_name": "",
            "last_name": "",
            "is_staff": true,
            "is_active": true,
            "date_joined": "2024-02-10T02:40:43.224Z",
            "email": "shaheer10@gmail.com",
            "username": "shaheer10",
            "profile_image": "",
            "groups": [],
            "user_permissions": []
        }
    },
    {
        "model": "userauths.user",
        "pk": 2,
        "fields": {
            "password": "!1gHNibPzGNY5AGxEAoNZDw4gXbne2uFZ6e2ZzFOF",
            "last_login": "2024-03-20T19:39:45.365Z",
            "is_superuser": true,
            "first_name": "Shaheer",
            "last_name": "Mudassar",
            "is_staff": false,
            "is_active": true,
            "date_joined": "2024-02-11T18:39:36Z",
            "email": "shaheer.mudassar13@gmail.com",
            "username": "shaheer",
            "profile_image": "",
            "groups": [],
            "user_permissions": []
        }
    },
    {
        "model": "userauths.user",
        "pk": 3,
        "fields": {
            "password": "!dP6r4hsxWn5cOphA6vfXGIhXenc1UvUeIe1Lic6E",
            "last_login": "2024-03-10T09:52:15.065Z",
            "is_superuser": false,
            "first_name": "Shaheer",
            "last_name": "Mudassar",
            "is_staff": false,
            "is_active": true,
            "date_joined": "2024-02-26T16:49:24.309Z",
            "email": "shaheer.mudassar14@gmail.com",
            "username": "shaheer2",
            "profile_image": "",
            "groups": [],
            "user_permissions": []
        }
    },
    {
        "model": "userauths.user",
        "pk": 5,
        "fields": {
            "password": "!UWWnm2ylnlGeJF0wOl02uvbwGAWaRsp1y6BrfUEw",
            "last_login": "2024-03-20T17:39:59.503Z",
            "is_superuser": false,
            "first_name": "Bazar Square",
            "last_name": "",
            "is_staff": false,
            "is_active": true,
            "date_joined": "2024-03-20T17:39:59.436Z",
            "email": "teambazarsquare@gmail.com",
            "username": "bazar_square",
            "profile_image": "",
            "groups": [],
            "user_permissions": []
        }
    },
    {
        "model": "users.userprofile",
        "pk": 1,
        "fields": {
            "user": 1,
            "first_name": "Shaheer",
            "last_name": "admin",
            "contact": "+92 350 2423433",
            "cnic": "3520274101275",
            "profile_pic": "Users/Profile_pics/IMG_20240308_002953_617.jpg",
            "created_at": "2024-02-10T02:40:44.054Z"
        }
    },
    {
        "model": "users.userprofile",
        "pk": 2,
        "fields": {
            "user": 2,
            "first_name": "Shaheer",
            "last_name": "Mudassar",
            "contact": "+92 306 4078601",
            "cnic": "3520274101275",
            "profile_pic": "",
            "created_at": "2024-02-11T18:39:36.244Z"
        }
    },
    {
        "model": "users.userprofile",
        "pk": 3,
        "fields": {
            "user": 3,
            "first_name": "Shaheer",
            "last_name": "Mudassar",
            "contact": "0306 4078601",
            "cnic": "35323123213123",
            "profile_pic": "Users/Profile_pics/review1_xIWhy4Q.jpeg",
            "created_at": "2024-02-26T16:49:24.361Z"
        }
    },
    {
        "model": "users.userprofile",
        "pk": 5,
        "fields": {
            "user": 5,
            "first_name": "Bazar ",
            "last_name": "Sqaure",
            "contact": "2321312313",
            "cnic": "213213131312",
            "profile_pic": "",
            "created_at": "2024-03-20T17:39:59.470Z"
        }
    },
    {
        "model": "users.address",
        "pk": 1,
        "fields": {
            "user": 1,
            "profile": 1,
            "country": "Pakistan",
            "city": "Lahore",
            "town_or_area": "Lahore",
            "address": "523, F2 Block",
            "created_at": "2024-02-10T02:40:44.054Z"
        }
    },
    {
        "model": "users.address",
        "pk": 2,
        "fields": {
            "user": 2,
            "profile": 2,
            "country": "Pakistan",
            "city": "Lahore",
            "town_or_area": "Johar Town",
            "address": "523-F2 near Nimra Masjid",
            "created_at": "2024-02-11T18:39:36.260Z"
        }
    },
    {
        "model": "users.address",
        "pk": 3,
        "fields": {
            "user": 3,
            "profile": 3,
            "country": "Pakistan",
            "city": "Lahore",
            "town_or_area": "Johar town",
            "address": "523 - F2",
            "created_at": "2024-02-26T16:49:24.370Z"
        }
    },
    {
        "model": "users.address",
        "pk": 5,
        "fields": {
            "user": 5,
            "profile": 5,
            "country": "Pakistan",
            "city": "pasroor",
            "town_or_area": "Johar town",
            "address": "2132131",
            "created_at": "2024-03-20T17:39:59.470Z"
        }
    },
    {
        "model": "users.saved_car",
        "pk": 53,
        "fields": {
            "user": 1,
            "car": 13
        }
    },
    {
        "model": "users.saved_car",
        "pk": 54,
        "fields": {
            "user": 1,
            "car": 11
        }
    },
    {
        "model": "users.saved_car",
        "pk": 74,
        "fields": {
            "user": 2,
            "car": 15
        }
    },
    {
        "model": "users.saved_car",
        "pk": 75,
        "fields": {
            "user": 2,
            "car": 1
        }
    },
    {
        "model": "users.saved_car",
        "pk": 124,
        "fields": {
            "user": 2,
            "car": 7
        }
    },
    {
        "model": "users.saved_car",
        "pk": 126,
        "fields": {
            "user": 1,
            "car": 1
        }
    },
    {
        "model": "users.licensedetail",
        "pk": 1,
        "fields": {
            "user": 2,
            "license_pic": "Users/License/IMG_20240221_192314_nJW5spe.jpg",
            "license_name": "Shaheer Mudassar",
            "expiry_date": "2024-03-30",
            "valid": true
        }
    },
    {
        "model": "users.licensedetail",
        "pk": 2,
        "fields": {
            "user": 1,
            "license_pic": "Users/License/IMG_20240221_192240.jpg",
            "license_name": "Shaheer Mudassar",
            "expiry_date": "2024-03-30",
            "valid": true
        }
    },
    {
        "model": "users.licensedetail",
        "pk": 3,
        "fields": {
            "user": 3,
            "license_pic": "Users/License/IMG_20240221_192314_y52114f.jpg",
            "license_name": "Shaheer Mudassr333",
            "expiry_date": "2024-08-22",
            "valid": true
        }
    },
    {
        "model": "users.licensedetail",
        "pk": 5,
        "fields": {
            "user": 5,
            "license_pic": "Users/License/IMG_20240221_192314_eOJ5RVJ.jpg",
            "license_name": "Bazar Square",
            "expiry_date": "2024-03-30",
            "valid": true
        }
    },
    {
        "model": "users.notification",
        "pk": 2,
        "fields": {
            "user": 3,
            "subject": "Thanks for returning the car.",
            "body": "Audi A3 was returned to out garage.",
            "seen": true,
            "created_at": "2024-03-11T10:04:02.586Z"
        }
    },
    {
        "model": "users.notification",
        "pk": 3,
        "fields": {
            "user": 3,
            "subject": "Your rent was finished.",
            "body": "You didn't picked your rented car 'Toyota Mirai' so we finished your rent.",
            "seen": true,
            "created_at": "2024-03-13T01:31:28.205Z"
        }
    },
    {
        "model": "users.notification",
        "pk": 4,
        "fields": {
            "user": 3,
            "subject": "Your rent was finished.",
            "body": "You didn't picked your rented car 'Audi A6' so we finished your rent.",
            "seen": true,
            "created_at": "2024-03-13T01:31:53.888Z"
        }
    },
    {
        "model": "users.notification",
        "pk": 5,
        "fields": {
            "user": 2,
            "subject": "Your Car was delivered",
            "body": "Your rented car 'Audi A7' was delivered to your doorstep successfully bu our end.",
            "seen": true,
            "created_at": "2024-03-13T01:32:38.580Z"
        }
    },
    {
        "model": "users.notification",
        "pk": 6,
        "fields": {
            "user": 3,
            "subject": "Testing notification",
            "body": "Testing notification",
            "seen": true,
            "created_at": "2024-03-13T01:44:02.490Z"
        }
    },
    {
        "model": "users.notification",
        "pk": 9,
        "fields": {
            "user": 2,
            "subject": "Please return your rented car to our garage.",
            "body": "You haven't returned your rented car 'Audi A7' to our garage yet.",
            "seen": true,
            "created_at": "2024-03-14T19:00:03.858Z"
        }
    },
    {
        "model": "users.notification",
        "pk": 12,
        "fields": {
            "user": 2,
            "subject": "Please return your rented car to our garage.",
            "body": "You haven't returned your rented car 'Audi A7' to our garage yet.",
            "seen": true,
            "created_at": "2024-03-15T19:00:04.812Z"
        }
    },
    {
        "model": "users.notification",
        "pk": 13,
        "fields": {
            "user": 2,
            "subject": "Please return your rented car to our garage.",
            "body": "You haven't returned your rented car 'Audi A7' to our garage yet.",
            "seen": true,
            "created_at": "2024-03-15T19:00:06.936Z"
        }
    },
    {
        "model": "users.notification",
        "pk": 44,
        "fields": {
            "user": 2,
            "subject": "Please return your rented car to our garage.",
            "body": "You haven't returned your rented car 'Audi A7' to our garage yet.",
            "seen": true,
            "created_at": "2024-03-14T19:00:04.125Z"
        }
    },
    {
        "model": "users.notification",
        "pk": 46,
        "fields": {
            "user": 2,
            "subject": "Please return your rented car to our garage.",
            "body": "You haven't returned your rented car 'Audi A7' to our garage yet.",
            "seen": true,
            "created_at": "2024-03-14T19:00:14.363Z"
        }
    },
    {
        "model": "users.notification",
        "pk": 48,
        "fields": {
            "user": 2,
            "subject": "Please return your rented car to our garage.",
            "body": "You haven't returned your rented car 'Audi A7' to our garage yet.",
            "seen": true,
            "created_at": "2024-03-16T19:00:03.812Z"
        }
    },
    {
        "model": "users.notification",
        "pk": 50,
        "fields": {
            "user": 2,
            "subject": "Please return your rented car to our garage.",
            "body": "You haven't returned your rented car 'Audi A7' to our garage yet.",
            "seen": true,
            "created_at": "2024-03-16T19:00:10.932Z"
        }
    },
    {
        "model": "users.notification",
        "pk": 52,
        "fields": {
            "user": 2,
            "subject": "Your rent was finished.",
            "body": "You didn't picked your rented car 'Audi A3' so we finished your rent.",
            "seen": true,
            "created_at": "2024-03-16T19:05:02.911Z"
        }
    },
    {
        "model": "users.notification",
        "pk": 53,
        "fields": {
            "user": 2,
            "subject": "Your rent was finished.",
            "body": "You didn't picked your rented car 'Audi A3' so we finished your rent.",
            "seen": true,
            "created_at": "2024-03-16T19:05:03.116Z"
        }
    },
    {
        "model": "users.notification",
        "pk": 54,
        "fields": {
            "user": 2,
            "subject": "Car Rent Finished!",
            "body": "You didn't picked your rented car 'Audi A3' from our garage till last date so rent was finished.",
            "seen": true,
            "created_at": "2024-03-16T19:05:05.648Z"
        }
    },
    {
        "model": "users.notification",
        "pk": 55,
        "fields": {
            "user": 2,
            "subject": "Car Rent Finished!",
            "body": "You didn't picked your rented car 'Audi A3' from our garage till last date so rent was finished.",
            "seen": true,
            "created_at": "2024-03-16T19:05:06.913Z"
        }
    },
    {
        "model": "users.notification",
        "pk": 56,
        "fields": {
            "user": 1,
            "subject": "Your rent was finished.",
            "body": "You didn't picked your rented car 'Audi A7' so we finished your rent.",
            "seen": false,
            "created_at": "2024-03-20T17:52:05.571Z"
        }
    },
    {
        "model": "users.notification",
        "pk": 57,
        "fields": {
            "user": 2,
            "subject": "Your Car was delivered",
            "body": "Your rented car 'Audi A5' was delivered to your doorstep successfully bu our end.",
            "seen": true,
            "created_at": "2024-03-20T17:52:19.252Z"
        }
    },
    {
        "model": "users.notification",
        "pk": 58,
        "fields": {
            "user": 2,
            "subject": "Your Car was returned.",
            "body": "Thank You for returning your car 'Audi A5' back to our Garage.",
            "seen": true,
            "created_at": "2024-03-20T17:52:31.134Z"
        }
    },
    {
        "model": "users.notification",
        "pk": 59,
        "fields": {
            "user": 2,
            "subject": "Your rent was finished.",
            "body": "You didn't picked your rented car 'Toyota GR Supra' so we finished your rent.",
            "seen": true,
            "created_at": "2024-03-20T17:52:41.928Z"
        }
    },
    {
        "model": "users.notification",
        "pk": 60,
        "fields": {
            "user": 2,
            "subject": "Your Car was delivered",
            "body": "Your rented car 'Mercedes-Maybach S-Class' was delivered to your doorstep successfully bu our end.",
            "seen": true,
            "created_at": "2024-03-22T14:28:13.328Z"
        }
    },
    {
        "model": "users.notification",
        "pk": 61,
        "fields": {
            "user": 2,
            "subject": "Your Car was delivered",
            "body": "Your rented car 'Audi A6' was delivered to your doorstep successfully bu our end.",
            "seen": true,
            "created_at": "2024-03-22T14:34:25.897Z"
        }
    },
    {
        "model": "users.notification",
        "pk": 62,
        "fields": {
            "user": 2,
            "subject": "Your Car was delivered",
            "body": "Your rented car 'Audi A4' was delivered to your doorstep successfully bu our end.",
            "seen": true,
            "created_at": "2024-03-22T14:37:11.352Z"
        }
    },
    {
        "model": "users.notification",
        "pk": 63,
        "fields": {
            "user": 2,
            "subject": "Your Car was delivered",
            "body": "Your rented car 'Audi A3' was delivered to your doorstep successfully bu our end.",
            "seen": true,
            "created_at": "2024-03-22T14:38:34.930Z"
        }
    },
    {
        "model": "users.notification",
        "pk": 64,
        "fields": {
            "user": 2,
            "subject": "Your Car was delivered",
            "body": "Your rented car 'Toyota GR Supra' was delivered to your doorstep successfully bu our end.",
            "seen": true,
            "created_at": "2024-03-22T14:39:45.800Z"
        }
    },
    {
        "model": "users.notification",
        "pk": 65,
        "fields": {
            "user": 2,
            "subject": "Your Car was delivered",
            "body": "Your rented car 'Audi A5' was delivered to your doorstep successfully bu our end.",
            "seen": true,
            "created_at": "2024-03-22T14:42:04.762Z"
        }
    },
    {
        "model": "users.notification",
        "pk": 66,
        "fields": {
            "user": 2,
            "subject": "Your Car was delivered",
            "body": "Your rented car 'Audi A5' was delivered to your doorstep successfully bu our end.",
            "seen": true,
            "created_at": "2024-03-22T14:44:40.203Z"
        }
    },
    {
        "model": "users.notification",
        "pk": 67,
        "fields": {
            "user": 2,
            "subject": "Your Car was delivered",
            "body": "Your rented car 'Mercedes-Maybach S-Class' was delivered to your doorstep successfully bu our end.",
            "seen": true,
            "created_at": "2024-03-22T14:47:03.665Z"
        }
    },
    {
        "model": "users.notification",
        "pk": 68,
        "fields": {
            "user": 2,
            "subject": "Your Car was returned.",
            "body": "Thank You for returning your car 'Mercedes-Maybach S-Class' back to our Garage.",
            "seen": true,
            "created_at": "2024-03-22T14:50:57.031Z"
        }
    },
    {
        "model": "users.notification",
        "pk": 69,
        "fields": {
            "user": 2,
            "subject": "Your Car was returned.",
            "body": "Thank You for returning your car 'Audi A6' back to our Garage.",
            "seen": true,
            "created_at": "2024-03-22T14:51:10.425Z"
        }
    },
    {
        "model": "users.notification",
        "pk": 70,
        "fields": {
            "user": 2,
            "subject": "Your Car was returned.",
            "body": "Thank You for returning your car 'Audi A4' back to our Garage.",
            "seen": true,
            "created_at": "2024-03-22T14:51:23.206Z"
        }
    },
    {
        "model": "users.notification",
        "pk": 71,
        "fields": {
            "user": 2,
            "subject": "Your Car was returned.",
            "body": "Thank You for returning your car 'Audi A3' back to our Garage.",
            "seen": true,
            "created_at": "2024-03-22T14:51:55.764Z"
        }
    },
    {
        "model": "users.notification",
        "pk": 72,
        "fields": {
            "user": 2,
            "subject": "Your Car was returned.",
            "body": "Thank You for returning your car 'Toyota GR Supra' back to our Garage.",
            "seen": true,
            "created_at": "2024-03-22T14:52:06.949Z"
        }
    },
    {
        "model": "users.notification",
        "pk": 73,
        "fields": {
            "user": 2,
            "subject": "Your Car was returned.",
            "body": "Thank You for returning your car 'Audi A5' back to our Garage.",
            "seen": true,
            "created_at": "2024-03-22T14:52:16.014Z"
        }
    },
    {
        "model": "cars.brand",
        "pk": 1,
        "fields": {
            "name": "Toyota",
            "logo": "Brands/logo/Toyota_logo.jpg",
            "description": "Globally renowned for reliability, fuel efficiency, and longevity. Consistently tops the charts in terms of resale value and offers a diverse range of vehicles, from economical sedans to rugged SUVs."
        }
    },
    {
        "model": "cars.brand",
        "pk": 2,
        "fields": {
            "name": "Audi",
            "logo": "Brands/logo/Audi_logo.jpg",
            "description": "German prestige brand known for luxury, cutting-edge technology, and refined driving dynamics. Renowned for quattro all-wheel drive and a focus on safety and performance. Often associated with sleek design and innovative features, but can be pricier than some competitors."
        }
    },
    {
        "model": "cars.brand",
        "pk": 3,
        "fields": {
            "name": "BMW",
            "logo": "Brands/logo/BMW_logo.jpg",
            "description": "Ultimate Driving Machine, indeed! Renowned for exhilarating performance, sharp handling, and luxurious interiors. Strong emphasis on driver engagement and pushing the boundaries of technology. Often considered a sporty alternative to traditional luxury brands, but may compromise on rear-seat space in some models."
        }
    },
    {
        "model": "cars.brand",
        "pk": 4,
        "fields": {
            "name": "Honda",
            "logo": "Brands/logo/Honda_logo.jpg",
            "description": "The reliable and practical choice! Known for consistently delivering fuel-efficient, safe, and affordable vehicles. Strong reputation for long-lasting engines and well-built cars. While not always the flashiest option, offers a wide range of vehicles across segments, from popular sedans like the Civic to adventurous SUVs like the CR-V."
        }
    },
    {
        "model": "cars.brand",
        "pk": 5,
        "fields": {
            "name": "Lamborghini",
            "logo": "Brands/logo/Lamborghini_logo.jpg",
            "description": "The raging bull of the automotive world. Uncompromising Italian perfection, epitomized by breathtaking design, spine-tingling performance, and an unapologetically audacious spirit. Every Lamborghini is a head-turner, a symphony of speed and drama, handcrafted for connoisseurs of automotive adrenaline. Be prepared for envious stares, thunderous exhaust notes, and a driving experience unlike any other. Just remember, the price tag and fuel bills might be as fiery as the brand itself!"
        }
    },
    {
        "model": "cars.brand",
        "pk": 6,
        "fields": {
            "name": "Mercedes Benz",
            "logo": "Brands/logo/Mercedes_Logo.jpg",
            "description": "The iconic three-pointed star shines brightly in the luxury car galaxy. Renowned for unparalleled comfort, cutting-edge technology, and an unwavering dedication to safety. Offers a diverse range of vehicles, from elegant sedans like the S-Class to exhilarating AMG performance models. Prepare for spacious interiors, advanced driver assistance systems, and a brand synonymous with prestige and innovation. However, the premium price tag and potential maintenance costs might require a heftier wallet."
        }
    },
    {
        "model": "cars.brand",
        "pk": 7,
        "fields": {
            "name": "Rolls Royce",
            "logo": "Brands/logo/Roll_Royce.jpg",
            "description": "Step onto the red carpet of the automotive world. The pinnacle of luxury, exceeding expectations with unparalleled craftsmanship, bespoke elegance, and unparalleled performance. Owning a Rolls-Royce isn't just about driving, it's about experiencing automotive artistry. Picture hand-stitched leather interiors, whisper-quiet engines, and a presence that demands respect on every road. Be prepared for individualized luxury tailored to your desires, stratospheric price tags, and a level of exclusivity reserved for the elite. But if owning a piece of automotive royalty is your dream, Rolls-Royce awaits."
        }
    },
    {
        "model": "cars.brand",
        "pk": 8,
        "fields": {
            "name": "Hyundai",
            "logo": "Brands/logo/hyundai_logo.png",
            "description": "The value-driven champion! In recent years, Hyundai has transformed from a budget brand to a serious contender, offering stylish, feature-packed vehicles at competitive prices. Known for its generous warranties, impressive tech integration, and growing portfolio of eco-friendly options, Hyundai has become a popular choice for budget-conscious buyers seeking quality and innovation. While not always the top of the luxury ladder, Hyundai delivers excellent bang for your buck and continuously pushes the boundaries of design and technology."
        }
    },
    {
        "model": "cars.brand",
        "pk": 9,
        "fields": {
            "name": "Ford",
            "logo": "Brands/logo/ford_logo.jpg",
            "description": "The Blue Oval represents a long and storied history in the automotive world. From the revolutionary assembly line days of the Model T to the powerful F-Series trucks and the ever-evolving Mustang, Ford has always been a pioneer in both technology and design. While some models might lack the luxury bells and whistles of some competitors, they make up for it with practicality, affordability, and a reputation for being dependable workhorses. Ford also offers a strong presence in the truck and SUV segments, catering to those who need muscle and functionality. So, if you're looking for a vehicle that's as American as apple pie, with a focus on value and dependability, Ford is definitely worth considering."
        }
    },
    {
        "model": "cars.brand",
        "pk": 10,
        "fields": {
            "name": "Nissan",
            "logo": "Brands/logo/nissan_logo.jpg",
            "description": "The Japanese automaker known for its \"daring to drive\" spirit. They deliver value-packed, reliable cars across the spectrum, from zippy city compacts to rugged SUVs. Nissan shines in innovation, pioneering electric vehicles with the iconic Leaf and continuously pushing boundaries in tech and features. While some interiors might lack high-end luxury, they make up for it with spirited handling and practical options for every lifestyle. So, if you seek both excitement and a dependable ride, buckle up with Nissan!"
        }
    },
    {
        "model": "cars.category",
        "pk": 1,
        "fields": {
            "name": "SUV",
            "logo": "Categories/logo/SUV.jpg",
            "description": "More than just size, they're versatile explorers. Pack adventures into spacious cabins, conquer traffic with elevated views, and choose your thrill - city streets or dusty trails. Whether family trips or solo getaways, find your perfect fit and hit the road with style and confidence."
        }
    },
    {
        "model": "cars.category",
        "pk": 2,
        "fields": {
            "name": "Sedan",
            "logo": "Categories/logo/Sedan.jpg",
            "description": "Sleek lines hug the pavement, engines purr, and the road unfolds ahead. Sedans - your refined companions for daily journeys. Navigate cityscapes with effortless agility, or carve through country roads with confident handling. Spacious enough for the essentials, fuel-efficient for the budget, and tech-savvy for the connected driver. Whether it's the office commute or a weekend getaway, sedans offer style, efficiency, and a touch of escape, all wrapped in a comfortable cabin. Find your perfect fit and hit the road in effortless elegance."
        }
    },
    {
        "model": "cars.category",
        "pk": 3,
        "fields": {
            "name": "Hatchback",
            "logo": "Categories/logo/hatchback.jpg",
            "description": "Your nimble city companions, packing practicality and fun in equal measure. Zip through traffic with ease, fold down the seats for weekend projects, and fuel your adventures with eco-friendly engines. Tech-savvy and stylish, these versatile all-rounders offer space when you need it, sleekness when you don't. Whether it's the daily commute or a spontaneous getaway, find your perfect fit and hit the road with confidence and a touch of urban chic."
        }
    },
    {
        "model": "cars.category",
        "pk": 4,
        "fields": {
            "name": "Hybrid",
            "logo": "Categories/logo/Hybrid.jpg",
            "description": "Walk softly, but carry a big electric punch. These eco-warriors sip fuel while unleashing surprising bursts of power. Navigate city streets whisper-quietly, conquer the open road with combined gas-electric might, and watch your wallet smile at the pump. Hybrids offer smart tech seamlessly blending fuel sources, all while feeling good about a kinder ride for the planet. Fuel efficiency, hidden thrills, and a green statement - all wrapped in one. Find your hybrid and hit the road with a conscience and a smile."
        }
    },
    {
        "model": "cars.category",
        "pk": 5,
        "fields": {
            "name": "Coupe",
            "logo": "Categories/logo/Coupe.jpg",
            "description": "Sculpted silhouettes whispering \"performance.\" Two-door dances with the wind, hugging the road, turning heads wherever they go. Slip into the driver's seat, a cockpit built for pure pleasure, feel the engine purr its promise of thrills. Coupes offer head-turning style, driver-focused bliss, and a hidden beast waiting to be unleashed. From city streets to open highways, they're a statement on wheels, a blend of elegance and adrenaline just waiting for your command. Find your perfect coupe and hit the road, ready to turn heads and feel the rush of freedom."
        }
    },
    {
        "model": "cars.transmission",
        "pk": 1,
        "fields": {
            "name": "Manual"
        }
    },
    {
        "model": "cars.transmission",
        "pk": 2,
        "fields": {
            "name": "Automatic"
        }
    },
    {
        "model": "cars.fuel_type",
        "pk": 1,
        "fields": {
            "name": "Petrol"
        }
    },
    {
        "model": "cars.fuel_type",
        "pk": 2,
        "fields": {
            "name": "Diesel"
        }
    },
    {
        "model": "cars.fuel_type",
        "pk": 3,
        "fields": {
            "name": "Electric"
        }
    },
    {
        "model": "cars.car",
        "pk": 1,
        "fields": {
            "name": "Audi A7",
            "model": "2023",
            "year_of_manufacture": 2023,
            "image": "Car/images/audi_a7_2023_1.jpg",
            "brand": 2,
            "color": "Black",
            "category": 2,
            "description": "<p>The 2023 Audi A7 is a blend of sleek sedan comfort and practical hatchback versatility. Its elegant design, powerful engine options, and cutting-edge technology make it a head-turner on the road and a joy to drive.</p>\r\n\r\n<p><a href=\"https://www.fletcherjones.com/inventory/new-2023-audi-a5-sportback-s-line-prestige-45-tfsi-quattro-all-wheel-drive-sedan-waueacf57pa058695/\" rel=\"noopener noreferrer\" target=\"_blank\"><img alt=\"Image of 2023 Audi A7 Sportback 45 TFSI quattro in Glacier White Metallic\" src=\"https://encrypted-tbn0.gstatic.com/images?q=tbn:ANd9GcSUCtwHjMZKGAXxwMbQgFAsva6ENRQf5eXHr4UICDw8byY9hAHelgHpXKJEpjdo\" />Opens in a new window</a></p>\r\n\r\n<p>chevron_right</p>\r\n\r\n<p><a href=\"https://www.fletcherjones.com/inventory/new-2023-audi-a5-sportback-s-line-prestige-45-tfsi-quattro-all-wheel-drive-sedan-waueacf57pa058695/\" rel=\"noopener noreferrer\" target=\"_blank\"><img alt=\"\" src=\"https://encrypted-tbn1.gstatic.com/favicon-tbn?q=tbn:ANd9GcR5ioOnea8cMbw1EsylcpxAEbZWdkCcUO97socnkLsXhgxt7ttroctVQRT6P5xeI3tPFztI3-yihRQj3QeUjpVSkmsSvP-hmdy0QdEpn6ii\" />www.fletcherjones.com</a></p>\r\n\r\n<p>2023 Audi A7 Sportback 45 TFSI quattro in Glacier White Metallic</p>",
            "per_day_rent": 32999,
            "weekly_rent": 99999,
            "monthly_rent": 199999,
            "no_of_times_rented": 0,
            "rented": true,
            "is_deleted": false,
            "created_at": "2024-01-26T19:43:17.477Z"
        }
    },
    {
        "model": "cars.car",
        "pk": 2,
        "fields": {
            "name": "Audi A3",
            "model": "2023",
            "year_of_manufacture": 2023,
            "image": "Car/images/audi_a3_2023_1.jpg",
            "brand": 2,
            "color": "Black",
            "category": 2,
            "description": "<h1>Breathtakingly fascinating.The Audi A3 Sedan.</h1>\r\n\r\n<p>The sedan redefined: The Audi A3 sedan combines Coup&eacute; character with elegant charm. The low, flowing roof conveys pure dynamics and with its muscular, taut surface, the sedan shows off its self-confidence. The powerful, flared mudguards with pronounced wheel arches frame the wheels, which are available in up to 19 inches. One highlight is the Audi virtual cockpit, now available in the compact class. Discover innovation - in many facets.<img alt=\"563x317_AA3_161016.jpg\" src=\"https://www.audi.com.pk/content/dam/nemo/models/a3/a3-limousine/my-2017/563x317-editorial-teaser/563x317_AA3_161016.jpg?imwidth=563\" style=\"height:317px; width:563px\" /></p>",
            "per_day_rent": 27999,
            "weekly_rent": 79999,
            "monthly_rent": 179999,
            "no_of_times_rented": 0,
            "rented": false,
            "is_deleted": false,
            "created_at": "2024-01-26T19:49:14.296Z"
        }
    },
    {
        "model": "cars.car",
        "pk": 3,
        "fields": {
            "name": "Audi A4",
            "model": "2024",
            "year_of_manufacture": 2024,
            "image": "Car/images/audi_A4_2023_1.jpg",
            "brand": 2,
            "color": "Black",
            "category": 2,
            "description": "<p>This is the description</p>",
            "per_day_rent": 29999,
            "weekly_rent": 81999,
            "monthly_rent": 199999,
            "no_of_times_rented": 0,
            "rented": false,
            "is_deleted": false,
            "created_at": "2024-02-12T06:47:53.912Z"
        }
    },
    {
        "model": "cars.car",
        "pk": 4,
        "fields": {
            "name": "Audi A5",
            "model": "2024",
            "year_of_manufacture": 2024,
            "image": "Car/images/audi_A5_2024_1.jpg",
            "brand": 2,
            "color": "Ice White",
            "category": 2,
            "description": "<p>Whether you choose the sleek lines of the Coupe or the versatility of the Sportback,&nbsp;the 2024 A5 delivers a thrilling driving experience and refined comfort.&nbsp;With its updated technology features and available all-wheel drive,&nbsp;it&#39;s ready for any adventure.</p>\r\n\r\n<p><a href=\"https://www.sewell.com/VehicleDetails/new-2024-Audi-A5_Sportback-S_line_Prestige_45_TFSI_quattro-HOUSTON-TX/5758406910\" rel=\"noopener noreferrer\" target=\"_blank\"><img alt=\"Image of 2024 Audi A5 Sportback 45 TFSI in Mythos Black Metallic\" src=\"https://encrypted-tbn1.gstatic.com/images?q=tbn:ANd9GcSq6tYr9mdfCnzjnGBNuDrAvH0fDVBDDcCXo93dOP3yd5KorO1COuHGmwy_r8w1\" /></a></p>",
            "per_day_rent": 30999,
            "weekly_rent": 84999,
            "monthly_rent": 209999,
            "no_of_times_rented": 0,
            "rented": false,
            "is_deleted": false,
            "created_at": "2024-02-12T07:06:25.574Z"
        }
    },
    {
        "model": "cars.car",
        "pk": 5,
        "fields": {
            "name": "Audi A6",
            "model": "2024",
            "year_of_manufacture": 2024,
            "image": "Car/images/Audi_A6_2024_1.jpg",
            "brand": 2,
            "color": "Grey",
            "category": 2,
            "description": "<p>The 2024 A6 delivers a seamless blend of comfort,&nbsp;power,&nbsp;and technology.&nbsp;With its updated infotainment system,&nbsp;refined interior touches,&nbsp;and optional plug-in hybrid powertrain,&nbsp;it caters to modern driving needs.</p>\r\n\r\n<p style=\"text-align:center\"><a href=\"https://www.fletcherjones.com/inventory/new-2024-audi-a6-sedan-premium-45-tfsi-quattro-all-wheel-drive-sedan-waud3bf22rn014508/\" rel=\"noopener noreferrer\" target=\"_blank\"><img alt=\"Image of 2024 Audi A6 Sedan 45 TFSI in Chronos Grey Metallic\" src=\"https://encrypted-tbn2.gstatic.com/images?q=tbn:ANd9GcSJtHtDlOwHuiqTi6Rp6KZcoH9ZqNyN4dgkRoQgy9gHvGNhBQPRM6xG7pagOMxY\" /></a></p>",
            "per_day_rent": 31999,
            "weekly_rent": 89999,
            "monthly_rent": 219999,
            "no_of_times_rented": 0,
            "rented": false,
            "is_deleted": false,
            "created_at": "2024-02-12T07:15:17.024Z"
        }
    },
    {
        "model": "cars.car",
        "pk": 6,
        "fields": {
            "name": "Audi E-Tron GT",
            "model": "2022",
            "year_of_manufacture": 2022,
            "image": "Car/images/Audi_E-Tron_GT_2024_1.jpg",
            "brand": 2,
            "color": "Ice Blue",
            "category": 2,
            "description": "<p>The 2022 e-tron GT marked Audi&#39;s entry into the high-performance electric car segment. It boasts a sleek design, exhilarating performance, and a luxurious interior.</p>\r\n\r\n<p style=\"text-align:center\"><img alt=\"\" src=\"/media/uploads/contents/2024/02/12/audi-e-tron-gt-2024-3.jpg\" style=\"height:200px; width:300px\" /></p>",
            "per_day_rent": 69999,
            "weekly_rent": 279999,
            "monthly_rent": 689999,
            "no_of_times_rented": 0,
            "rented": false,
            "is_deleted": false,
            "created_at": "2024-02-12T08:54:53.748Z"
        }
    },
    {
        "model": "cars.car",
        "pk": 7,
        "fields": {
            "name": "Mercedes-AMG GT S",
            "model": "2020",
            "year_of_manufacture": 2020,
            "image": "Car/images/1.jpg",
            "brand": 6,
            "color": "Rich Yellow",
            "category": 5,
            "description": "<p>The 2020 Mercedes-AMG GT S is a high-performance, two-door, two-seater sports car that was first introduced in 2015. It is the successor to the Mercedes-Benz SLS AMG and was the second car to be fully developed by Mercedes-AMG, following the Mercedes-AMG GLA.</p>\r\n\r\n<p>Here&#39;s a summary of the key features of the 2020 Mercedes-AMG GT S:</p>\r\n\r\n<p><a href=\"https://www.caranddriver.com/reviews/a15107746/2016-mercedes-amg-gt-s-first-drive-review/\" rel=\"noopener noreferrer\" target=\"_blank\"><img alt=\"Image of 2016 MercedesAMG GT S\" src=\"https://encrypted-tbn2.gstatic.com/images?q=tbn:ANd9GcRhaiDleHaL-4PmO4LZVcNtUqp7wheI4Ys4pCy6Z5DfwK1-VX4LdJMXYDoRAFYX\" /></a></p>",
            "per_day_rent": 130999,
            "weekly_rent": 409999,
            "monthly_rent": 1099999,
            "no_of_times_rented": 0,
            "rented": false,
            "is_deleted": false,
            "created_at": "2024-02-12T18:17:55.087Z"
        }
    },
    {
        "model": "cars.car",
        "pk": 8,
        "fields": {
            "name": "Mercedes-Maybach S-Class",
            "model": "2020",
            "year_of_manufacture": 2020,
            "image": "Car/images/2017-Mercedes-Maybach-S550-112.jpg",
            "brand": 6,
            "color": "Black",
            "category": 2,
            "description": "<p>The 2017 Mercedes-Maybach S-Class is the epitome of luxury and performance.&nbsp;It is a spacious and comfortable sedan with a powerful engine and a host of high-tech features.</p>",
            "per_day_rent": 25999,
            "weekly_rent": 75999,
            "monthly_rent": 169999,
            "no_of_times_rented": 0,
            "rented": false,
            "is_deleted": false,
            "created_at": "2024-02-12T18:27:21.581Z"
        }
    },
    {
        "model": "cars.car",
        "pk": 9,
        "fields": {
            "name": "Toyota GR Supra",
            "model": "2021",
            "year_of_manufacture": 2021,
            "image": "Car/images/2020-toyota-gr-supra-premium-wrap-108-1642089834.jpg",
            "brand": 1,
            "color": "Crystal Blue",
            "category": 5,
            "description": "<p>The 2020 Toyota GR Supra Premium is a high-performance sports car that revives the legendary Supra nameplate. It is powered by a 3.0-liter turbocharged inline-6 engine that produces 335 horsepower and 365 lb-ft of torque. The GR Supra comes standard with an 8-speed automatic transmission and rear-wheel drive. A 6-speed manual transmission is available as an option.</p>\r\n\r\n<p><a href=\"https://www.kbb.com/toyota/gr-supra/2020/30-premium-coupe-2d/\" rel=\"noopener noreferrer\" target=\"_blank\"><img alt=\"Image of 2020 Toyota GR Supra Premium\" src=\"https://encrypted-tbn1.gstatic.com/images?q=tbn:ANd9GcQLRlINLcYua0kx_jJkQa0M15RP3iWrh_A_7BrmZbP1QyVL3Ry98lBPEzGUuH4Q\" /></a></p>",
            "per_day_rent": 32999,
            "weekly_rent": 77999,
            "monthly_rent": 209999,
            "no_of_times_rented": 0,
            "rented": false,
            "is_deleted": false,
            "created_at": "2024-02-12T18:34:39.129Z"
        }
    },
    {
        "model": "cars.car",
        "pk": 10,
        "fields": {
            "name": "Toyota Mirai",
            "model": "2022",
            "year_of_manufacture": 2022,
            "image": "Car/images/2021-toyota-mirai-102-1608066060.jpg",
            "brand": 1,
            "color": "Red",
            "category": 2,
            "description": "<p>The 2022 Toyota Mirai is a hydrogen fuel cell electric vehicle (FCV) that offers a unique and futuristic driving experience. It is powered by a hydrogen fuel cell that generates electricity to power the electric motor, resulting in zero tailpipe emissions. The Mirai has a range of up to 402 miles on a single fill of hydrogen, which takes about 5 minutes.</p>\r\n\r\n<p><a href=\"https://www.caranddriver.com/toyota/mirai-2021\" rel=\"noopener noreferrer\" target=\"_blank\"><img alt=\"Image of 2021 Toyota Mirai\" src=\"https://encrypted-tbn0.gstatic.com/images?q=tbn:ANd9GcT87IfcUwwujV8D4a0ePOkDb652l4gOU-wBVTENtfd7aG8FypQumweYKqWqTfJH\" /></a></p>",
            "per_day_rent": 28999,
            "weekly_rent": 79999,
            "monthly_rent": 149999,
            "no_of_times_rented": 0,
            "rented": false,
            "is_deleted": false,
            "created_at": "2024-02-12T18:43:59.688Z"
        }
    },
    {
        "model": "cars.car",
        "pk": 11,
        "fields": {
            "name": "Honda Civic Sports",
            "model": "2023",
            "year_of_manufacture": 2023,
            "image": "Car/images/2022-honda-civic-sport-376-1648742555.jpg",
            "brand": 4,
            "color": "Silver",
            "category": 2,
            "description": "<p>The 2023 Honda Civic Sport is a sporty and stylish compact car that offers a fun driving experience, a comfortable interior, and a good fuel economy. It is powered by a 2.0-liter 4-cylinder engine that produces 158 horsepower and 138 lb-ft of torque. The Civic Sport comes standard with a continuously variable transmission (CVT) and front-wheel drive.</p>\r\n\r\n<p><a href=\"https://www.caranddriver.com/honda/civic-2023\" rel=\"noopener noreferrer\" target=\"_blank\"><img alt=\"Image of 2023 Honda Civic Sport\" src=\"https://encrypted-tbn0.gstatic.com/images?q=tbn:ANd9GcSLxCiea0rDRHhKyZ4QEfGK9s0sgUngnNYQAesyHqrz2_dHFT4eF3UWEz_iiA5g\" /></a></p>",
            "per_day_rent": 20999,
            "weekly_rent": 68999,
            "monthly_rent": 189999,
            "no_of_times_rented": 0,
            "rented": false,
            "is_deleted": false,
            "created_at": "2024-02-12T18:48:51.841Z"
        }
    },
    {
        "model": "cars.car",
        "pk": 12,
        "fields": {
            "name": "Toyota Corolla Cross XLE",
            "model": "2022",
            "year_of_manufacture": 2022,
            "image": "Car/images/2022-toyota-corolla-cross-230-1639018375.jpg",
            "brand": 1,
            "color": "Ice White",
            "category": 1,
            "description": "<p>The 2022 Toyota Corolla Cross XLE AWD is a subcompact SUV that offers a good balance of fuel efficiency, cargo space, and passenger comfort. It is powered by a 2.0-liter four-cylinder engine that produces 169 horsepower and 151 lb-ft of torque. The Corolla Cross XLE AWD comes standard with a continuously variable transmission (CVT) and all-wheel drive.</p>\r\n\r\n<p><a href=\"https://www.hagerty.com/media/new-car-reviews/review-2022-toyota-corolla-cross-xle-awd/\" rel=\"noopener noreferrer\" target=\"_blank\"><img alt=\"Image of 2022 Toyota Corolla Cross XLE AWD\" src=\"https://encrypted-tbn2.gstatic.com/images?q=tbn:ANd9GcTri5Nsw0OiLmJn731LUqGWzH_JoxmnPmnVuuQSfceyW5mP-8IxgsoyqmGuWuaS\" /></a></p>",
            "per_day_rent": 52999,
            "weekly_rent": 219999,
            "monthly_rent": 999999,
            "no_of_times_rented": 0,
            "rented": false,
            "is_deleted": false,
            "created_at": "2024-02-12T18:56:11.710Z"
        }
    },
    {
        "model": "cars.car",
        "pk": 13,
        "fields": {
            "name": "Honda Accord Hybrid",
            "model": "2023",
            "year_of_manufacture": 2023,
            "image": "Car/images/2023-honda-accord-hybrid-touring-lt-intro-529-654292a91f39d.jpg",
            "brand": 4,
            "color": "Chrome Black",
            "category": 4,
            "description": "<p>The 2023 Honda Accord Touring Hybrid is the top-of-the-line trim for the Accord Hybrid lineup. It offers a combination of performance, fuel efficiency, and luxury features. It is powered by a 2.0-liter Atkinson-cycle four-cylinder engine combined with two electric motors for a combined output of 204 horsepower and 247 lb-ft of torque. The Accord Touring Hybrid comes standard with a continuously variable transmission (CVT) and front-wheel drive.</p>\r\n\r\n<p><a href=\"https://www.cnet.com/roadshow/news/2023-honda-accord-hybrid-first-drive-review-sleek-sedan-with-google-smarts/\" rel=\"noopener noreferrer\" target=\"_blank\"><img alt=\"Image of 2023 Honda Accord Touring Hybrid\" src=\"https://encrypted-tbn1.gstatic.com/images?q=tbn:ANd9GcTE_5txDMxizD2hg8_2bnMsv3oHxEovMnfZvkhMSCpbLOzW2PdJIggWzqFDk3ql\" /></a></p>",
            "per_day_rent": 19999,
            "weekly_rent": 89999,
            "monthly_rent": 269999,
            "no_of_times_rented": 0,
            "rented": false,
            "is_deleted": false,
            "created_at": "2024-02-12T19:02:37.760Z"
        }
    },
    {
        "model": "cars.car",
        "pk": 14,
        "fields": {
            "name": "Mercedes-AMG Roadster",
            "model": "2023",
            "year_of_manufacture": 2023,
            "image": "Car/images/2023-mercedes-amg-sl-43-roadster-474-659d747ff1871.jpg",
            "brand": 6,
            "color": "Crystal Blue",
            "category": 5,
            "description": "<p>The 2023 Mercedes-AMG SL43 Roadster is the entry-level model in the new generation of the iconic SL-Class. It offers a unique blend of luxury, performance, and open-air driving thrills. It is powered by a hand-built 2.0-liter turbocharged inline-4 engine with mild-hybrid assist, producing 381 horsepower and 354 lb-ft of torque. The SL43 comes standard with a 9-speed AMG SPEEDSHIFT&reg; MCT automatic transmission and rear-wheel drive.</p>\r\n\r\n<p><a href=\"https://www.motor1.com/news/578120/mercedes-amg-sl43-debuts-turbo-four-f1/\" rel=\"noopener noreferrer\" target=\"_blank\"><img alt=\"Image of 2023 MercedesAMG SL43 Roadster\" src=\"https://encrypted-tbn1.gstatic.com/images?q=tbn:ANd9GcQ6BSVBSMjmXcHdP-KLaa5AiUzAUHrxJwbKunRoNQZaEvBdXLny3oRRxW5DYuXc\" /></a></p>",
            "per_day_rent": 71999,
            "weekly_rent": 189999,
            "monthly_rent": 419999,
            "no_of_times_rented": 0,
            "rented": false,
            "is_deleted": false,
            "created_at": "2024-02-12T19:09:43.539Z"
        }
    },
    {
        "model": "cars.car",
        "pk": 15,
        "fields": {
            "name": "Toyota bZ4X",
            "model": "2023",
            "year_of_manufacture": 2023,
            "image": "Car/images/2023-toyota-bz4x-limited-awd-105-1651597886.jpg",
            "brand": 1,
            "color": "Silver",
            "category": 1,
            "description": "<p>The 2023 Toyota bZ4X Limited AWD is the top-of-the-line trim for the bZ4X electric SUV. It offers a spacious and comfortable interior, good performance, and a long range of up to 242 miles on a single charge. The AWD system provides improved traction and handling in all weather conditions.</p>\r\n\r\n<p><a href=\"https://www.edmunds.com/toyota/bz4x/\" rel=\"noopener noreferrer\" target=\"_blank\"><img alt=\"Image of 2023 Toyota bZ4X Limited AWD\" src=\"https://encrypted-tbn0.gstatic.com/images?q=tbn:ANd9GcRx8DuQT1MQmUPkRm1C9_-yt81VgW2H7RFvogIsVe-rSPdVMEvoyvHei1IWean6\" /></a></p>",
            "per_day_rent": 78999,
            "weekly_rent": 189999,
            "monthly_rent": 529999,
            "no_of_times_rented": 0,
            "rented": false,
            "is_deleted": false,
            "created_at": "2024-02-12T19:16:13.461Z"
        }
    },
    {
        "model": "cars.carimages",
        "pk": 1,
        "fields": {
            "car": 1,
            "image": "Car/All_Images/{{car.name}}_{{car.id}}/audi_a7_2023_2.jpg",
            "added_at": "2024-01-26T19:43:17.477Z"
        }
    },
    {
        "model": "cars.carimages",
        "pk": 2,
        "fields": {
            "car": 1,
            "image": "Car/All_Images/{{car.name}}_{{car.id}}/audi_a7_2023_3.jpg",
            "added_at": "2024-01-26T19:43:17.493Z"
        }
    },
    {
        "model": "cars.carimages",
        "pk": 3,
        "fields": {
            "car": 1,
            "image": "Car/All_Images/{{car.name}}_{{car.id}}/audi_a7_2023_4.jpg",
            "added_at": "2024-01-26T19:43:17.494Z"
        }
    },
    {
        "model": "cars.carimages",
        "pk": 4,
        "fields": {
            "car": 1,
            "image": "Car/All_Images/{{car.name}}_{{car.id}}/audi_a7_2023_5.jpg",
            "added_at": "2024-01-26T19:43:17.494Z"
        }
    },
    {
        "model": "cars.carimages",
        "pk": 5,
        "fields": {
            "car": 2,
            "image": "Car/All_Images/{{car.name}}_{{car.id}}/audi_a3_2023_2.jpg",
            "added_at": "2024-01-26T19:49:14.305Z"
        }
    },
    {
        "model": "cars.carimages",
        "pk": 6,
        "fields": {
            "car": 2,
            "image": "Car/All_Images/{{car.name}}_{{car.id}}/audi_a3_2023_3.jpg",
            "added_at": "2024-01-26T19:49:14.313Z"
        }
    },
    {
        "model": "cars.carimages",
        "pk": 7,
        "fields": {
            "car": 2,
            "image": "Car/All_Images/{{car.name}}_{{car.id}}/audi_a3_2023_4.jpg",
            "added_at": "2024-01-26T19:49:14.317Z"
        }
    },
    {
        "model": "cars.carimages",
        "pk": 8,
        "fields": {
            "car": 2,
            "image": "Car/All_Images/{{car.name}}_{{car.id}}/audi_a3_2023_5.jpg",
            "added_at": "2024-01-26T19:49:14.330Z"
        }
    },
    {
        "model": "cars.carimages",
        "pk": 9,
        "fields": {
            "car": 3,
            "image": "Car/All_Images/{{car.name}}_{{car.id}}/audi_A4_2023_2.jpg",
            "added_at": "2024-02-12T06:47:53.947Z"
        }
    },
    {
        "model": "cars.carimages",
        "pk": 10,
        "fields": {
            "car": 3,
            "image": "Car/All_Images/{{car.name}}_{{car.id}}/audi_A4_2023_3.jpg",
            "added_at": "2024-02-12T06:47:53.956Z"
        }
    },
    {
        "model": "cars.carimages",
        "pk": 11,
        "fields": {
            "car": 3,
            "image": "Car/All_Images/{{car.name}}_{{car.id}}/audi_A4_2023_4.jpg",
            "added_at": "2024-02-12T06:47:53.959Z"
        }
    },
    {
        "model": "cars.carimages",
        "pk": 12,
        "fields": {
            "car": 3,
            "image": "Car/All_Images/{{car.name}}_{{car.id}}/audi_A4_2023_5.jpg",
            "added_at": "2024-02-12T06:47:53.963Z"
        }
    },
    {
        "model": "cars.carimages",
        "pk": 13,
        "fields": {
            "car": 4,
            "image": "Car/All_Images/{{car.name}}_{{car.id}}/audi_A5_2024_2.jpg",
            "added_at": "2024-02-12T07:06:25.589Z"
        }
    },
    {
        "model": "cars.carimages",
        "pk": 14,
        "fields": {
            "car": 4,
            "image": "Car/All_Images/{{car.name}}_{{car.id}}/audi_A5_2024_3.jpg",
            "added_at": "2024-02-12T07:06:25.589Z"
        }
    },
    {
        "model": "cars.carimages",
        "pk": 15,
        "fields": {
            "car": 4,
            "image": "Car/All_Images/{{car.name}}_{{car.id}}/audi_A5_2024_4.jpg",
            "added_at": "2024-02-12T07:06:25.589Z"
        }
    },
    {
        "model": "cars.carimages",
        "pk": 16,
        "fields": {
            "car": 4,
            "image": "Car/All_Images/{{car.name}}_{{car.id}}/audi_A5_2024_5.jpg",
            "added_at": "2024-02-12T07:06:25.589Z"
        }
    },
    {
        "model": "cars.carimages",
        "pk": 17,
        "fields": {
            "car": 5,
            "image": "Car/All_Images/{{car.name}}_{{car.id}}/Audi_A6_2024_2.jpg",
            "added_at": "2024-02-12T07:15:17.041Z"
        }
    },
    {
        "model": "cars.carimages",
        "pk": 18,
        "fields": {
            "car": 5,
            "image": "Car/All_Images/{{car.name}}_{{car.id}}/Audi_A6_2024_3.jpg",
            "added_at": "2024-02-12T07:15:17.041Z"
        }
    },
    {
        "model": "cars.carimages",
        "pk": 19,
        "fields": {
            "car": 5,
            "image": "Car/All_Images/{{car.name}}_{{car.id}}/Audi_A6_2024_4.jpg",
            "added_at": "2024-02-12T07:15:17.056Z"
        }
    },
    {
        "model": "cars.carimages",
        "pk": 20,
        "fields": {
            "car": 5,
            "image": "Car/All_Images/{{car.name}}_{{car.id}}/Audi_A6_2024_5.jpg",
            "added_at": "2024-02-12T07:15:17.056Z"
        }
    },
    {
        "model": "cars.carimages",
        "pk": 21,
        "fields": {
            "car": 6,
            "image": "Car/All_Images/{{car.name}}_{{car.id}}/Audi_E-Tron_GT_2024_2.jpg",
            "added_at": "2024-02-12T08:54:53.767Z"
        }
    },
    {
        "model": "cars.carimages",
        "pk": 22,
        "fields": {
            "car": 6,
            "image": "Car/All_Images/{{car.name}}_{{car.id}}/Audi_E-Tron_GT_2024_3.jpg",
            "added_at": "2024-02-12T08:54:53.772Z"
        }
    },
    {
        "model": "cars.carimages",
        "pk": 23,
        "fields": {
            "car": 6,
            "image": "Car/All_Images/{{car.name}}_{{car.id}}/Audi_E-Tron_GT_2024_4.jpg",
            "added_at": "2024-02-12T08:54:53.775Z"
        }
    },
    {
        "model": "cars.carimages",
        "pk": 24,
        "fields": {
            "car": 6,
            "image": "Car/All_Images/{{car.name}}_{{car.id}}/Audi_E-Tron_GT_2024_5.jpg",
            "added_at": "2024-02-12T08:54:53.778Z"
        }
    },
    {
        "model": "cars.carimages",
        "pk": 25,
        "fields": {
            "car": 7,
            "image": "Car/All_Images/{{self.car.name}}_{{self.model}}_{{self.car.id}}/2016-mercedes-amg-gt-s-p_RdDbSdD.jpg",
            "added_at": "2024-02-12T18:17:55.116Z"
        }
    },
    {
        "model": "cars.carimages",
        "pk": 26,
        "fields": {
            "car": 7,
            "image": "Car/All_Images/{{self.car.name}}_{{self.model}}_{{self.car.id}}/2016-mercedes-amg-gt-s-p_TuAwewR.jpg",
            "added_at": "2024-02-12T18:17:55.119Z"
        }
    },
    {
        "model": "cars.carimages",
        "pk": 27,
        "fields": {
            "car": 7,
            "image": "Car/All_Images/{{self.car.name}}_{{self.model}}_{{self.car.id}}/2016-mercedes-amg-gt-s-p_eSYdTtH.jpg",
            "added_at": "2024-02-12T18:17:55.119Z"
        }
    },
    {
        "model": "cars.carimages",
        "pk": 28,
        "fields": {
            "car": 7,
            "image": "Car/All_Images/{{self.car.name}}_{{self.model}}_{{self.car.id}}/2016-mercedes-amg-gt-s-i_W8yhaa7.jpg",
            "added_at": "2024-02-12T18:17:55.119Z"
        }
    },
    {
        "model": "cars.carimages",
        "pk": 29,
        "fields": {
            "car": 8,
            "image": "Car/All_Images/{{self.car.name}}_{{self.model}}_{{self.car.id}}/2017-Mercedes-Maybach-S550-104.jpg",
            "added_at": "2024-02-12T18:27:21.597Z"
        }
    },
    {
        "model": "cars.carimages",
        "pk": 30,
        "fields": {
            "car": 8,
            "image": "Car/All_Images/{{self.car.name}}_{{self.model}}_{{self.car.id}}/2017-Mercedes-Maybach-S550-110.jpg",
            "added_at": "2024-02-12T18:27:21.597Z"
        }
    },
    {
        "model": "cars.carimages",
        "pk": 31,
        "fields": {
            "car": 8,
            "image": "Car/All_Images/{{self.car.name}}_{{self.model}}_{{self.car.id}}/2017-Mercedes-Maybach-S550-115.jpg",
            "added_at": "2024-02-12T18:27:21.597Z"
        }
    },
    {
        "model": "cars.carimages",
        "pk": 32,
        "fields": {
            "car": 8,
            "image": "Car/All_Images/{{self.car.name}}_{{self.model}}_{{self.car.id}}/2017-Mercedes-Maybach-S550-122.jpg",
            "added_at": "2024-02-12T18:27:21.614Z"
        }
    },
    {
        "model": "cars.carimages",
        "pk": 33,
        "fields": {
            "car": 9,
            "image": "Car/All_Images/{{self.car.name}}_{{self.model}}_{{self.car.id}}/2020-toyota-supra-lt-116_Gt70pfu.jpg",
            "added_at": "2024-02-12T18:34:39.142Z"
        }
    },
    {
        "model": "cars.carimages",
        "pk": 34,
        "fields": {
            "car": 9,
            "image": "Car/All_Images/{{self.car.name}}_{{self.model}}_{{self.car.id}}/2020-toyota-gr-supra-pre_7h1uBV6.jpg",
            "added_at": "2024-02-12T18:34:39.144Z"
        }
    },
    {
        "model": "cars.carimages",
        "pk": 35,
        "fields": {
            "car": 9,
            "image": "Car/All_Images/{{self.car.name}}_{{self.model}}_{{self.car.id}}/2020-toyota-gr-supra-pre_EiDRUTo.jpg",
            "added_at": "2024-02-12T18:34:39.144Z"
        }
    },
    {
        "model": "cars.carimages",
        "pk": 36,
        "fields": {
            "car": 9,
            "image": "Car/All_Images/{{self.car.name}}_{{self.model}}_{{self.car.id}}/2020-toyota-gr-supra-pre_4Tl424M.jpg",
            "added_at": "2024-02-12T18:34:39.144Z"
        }
    },
    {
        "model": "cars.carimages",
        "pk": 37,
        "fields": {
            "car": 10,
            "image": "Car/All_Images/{{self.car.name}}_{{self.model}}_{{self.car.id}}/2021-toyota-mirai-101-1608066060.jpg",
            "added_at": "2024-02-12T18:43:59.704Z"
        }
    },
    {
        "model": "cars.carimages",
        "pk": 38,
        "fields": {
            "car": 10,
            "image": "Car/All_Images/{{self.car.name}}_{{self.model}}_{{self.car.id}}/2021-toyota-mirai-103-1608066060.jpg",
            "added_at": "2024-02-12T18:43:59.704Z"
        }
    },
    {
        "model": "cars.carimages",
        "pk": 39,
        "fields": {
            "car": 10,
            "image": "Car/All_Images/{{self.car.name}}_{{self.model}}_{{self.car.id}}/2021-toyota-mirai-104-1608066060.jpg",
            "added_at": "2024-02-12T18:43:59.704Z"
        }
    },
    {
        "model": "cars.carimages",
        "pk": 40,
        "fields": {
            "car": 10,
            "image": "Car/All_Images/{{self.car.name}}_{{self.model}}_{{self.car.id}}/2021-toyota-mirai-105-1608066060.jpg",
            "added_at": "2024-02-12T18:43:59.721Z"
        }
    },
    {
        "model": "cars.carimages",
        "pk": 41,
        "fields": {
            "car": 11,
            "image": "Car/All_Images/{{self.car.name}}_{{self.model}}_{{self.car.id}}/2022-honda-civic-sport-3_GWaDYUQ.jpg",
            "added_at": "2024-02-12T18:48:51.857Z"
        }
    },
    {
        "model": "cars.carimages",
        "pk": 42,
        "fields": {
            "car": 11,
            "image": "Car/All_Images/{{self.car.name}}_{{self.model}}_{{self.car.id}}/2022-honda-civic-sport-3_QYZeN4N.jpg",
            "added_at": "2024-02-12T18:48:51.857Z"
        }
    },
    {
        "model": "cars.carimages",
        "pk": 43,
        "fields": {
            "car": 11,
            "image": "Car/All_Images/{{self.car.name}}_{{self.model}}_{{self.car.id}}/2022-honda-civic-sport-1_uw3kPN8.jpg",
            "added_at": "2024-02-12T18:48:51.857Z"
        }
    },
    {
        "model": "cars.carimages",
        "pk": 44,
        "fields": {
            "car": 11,
            "image": "Car/All_Images/{{self.car.name}}_{{self.model}}_{{self.car.id}}/2022-honda-civic-sport-6_A6OJ2NA.jpg",
            "added_at": "2024-02-12T18:48:51.873Z"
        }
    },
    {
        "model": "cars.carimages",
        "pk": 45,
        "fields": {
            "car": 12,
            "image": "Car/All_Images/{{self.car.name}}_{{self.model}}_{{self.car.id}}/2022-toyota-corolla-cros_wW5fWCo.jpg",
            "added_at": "2024-02-12T18:56:11.720Z"
        }
    },
    {
        "model": "cars.carimages",
        "pk": 46,
        "fields": {
            "car": 12,
            "image": "Car/All_Images/{{self.car.name}}_{{self.model}}_{{self.car.id}}/2022-toyota-corolla-cros_ZDOZuZU.jpg",
            "added_at": "2024-02-12T18:56:11.720Z"
        }
    },
    {
        "model": "cars.carimages",
        "pk": 47,
        "fields": {
            "car": 12,
            "image": "Car/All_Images/{{self.car.name}}_{{self.model}}_{{self.car.id}}/2022-toyota-corolla-cros_o3QaThu.jpg",
            "added_at": "2024-02-12T18:56:11.720Z"
        }
    },
    {
        "model": "cars.carimages",
        "pk": 48,
        "fields": {
            "car": 12,
            "image": "Car/All_Images/{{self.car.name}}_{{self.model}}_{{self.car.id}}/2022-toyota-corolla-cros_XRs2x0J.jpg",
            "added_at": "2024-02-12T18:56:11.720Z"
        }
    },
    {
        "model": "cars.carimages",
        "pk": 49,
        "fields": {
            "car": 13,
            "image": "Car/All_Images/{{self.car.name}}_{{self.model}}_{{self.car.id}}/2023-honda-accord-hybrid_XsiUotq.jpg",
            "added_at": "2024-02-12T19:02:37.775Z"
        }
    },
    {
        "model": "cars.carimages",
        "pk": 50,
        "fields": {
            "car": 13,
            "image": "Car/All_Images/{{self.car.name}}_{{self.model}}_{{self.car.id}}/2023-honda-accord-hybrid_5tiSVOe.jpg",
            "added_at": "2024-02-12T19:02:37.775Z"
        }
    },
    {
        "model": "cars.carimages",
        "pk": 51,
        "fields": {
            "car": 13,
            "image": "Car/All_Images/{{self.car.name}}_{{self.model}}_{{self.car.id}}/2023-honda-accord-hybrid_WX20B2B.jpg",
            "added_at": "2024-02-12T19:02:37.792Z"
        }
    },
    {
        "model": "cars.carimages",
        "pk": 52,
        "fields": {
            "car": 13,
            "image": "Car/All_Images/{{self.car.name}}_{{self.model}}_{{self.car.id}}/2023-honda-accord-hybrid_7F3iFlj.jpg",
            "added_at": "2024-02-12T19:02:37.792Z"
        }
    },
    {
        "model": "cars.carimages",
        "pk": 53,
        "fields": {
            "car": 14,
            "image": "Car/All_Images/{{self.car.name}}_{{self.model}}_{{self.car.id}}/2023-mercedes-amg-sl-43-_QDKh1DI.jpg",
            "added_at": "2024-02-12T19:09:43.561Z"
        }
    },
    {
        "model": "cars.carimages",
        "pk": 54,
        "fields": {
            "car": 14,
            "image": "Car/All_Images/{{self.car.name}}_{{self.model}}_{{self.car.id}}/2023-mercedes-amg-sl-43-_B91LhRi.jpg",
            "added_at": "2024-02-12T19:09:43.566Z"
        }
    },
    {
        "model": "cars.carimages",
        "pk": 55,
        "fields": {
            "car": 14,
            "image": "Car/All_Images/{{self.car.name}}_{{self.model}}_{{self.car.id}}/2023-mercedes-amg-sl-43-_pRkjC27.jpg",
            "added_at": "2024-02-12T19:09:43.570Z"
        }
    },
    {
        "model": "cars.carimages",
        "pk": 56,
        "fields": {
            "car": 14,
            "image": "Car/All_Images/{{self.car.name}}_{{self.model}}_{{self.car.id}}/2023-mercedes-amg-sl-43-_NNx5i7w.jpg",
            "added_at": "2024-02-12T19:09:43.573Z"
        }
    },
    {
        "model": "cars.carimages",
        "pk": 57,
        "fields": {
            "car": 15,
            "image": "Car/All_Images/{{self.car.name}}_{{self.model}}_{{self.car.id}}/2023-toyota-bz4x-limited_yLa2jH5.jpg",
            "added_at": "2024-02-12T19:16:13.477Z"
        }
    },
    {
        "model": "cars.carimages",
        "pk": 58,
        "fields": {
            "car": 15,
            "image": "Car/All_Images/{{self.car.name}}_{{self.model}}_{{self.car.id}}/2023-toyota-bz4x-limited_0Pcr7lY.jpg",
            "added_at": "2024-02-12T19:16:13.477Z"
        }
    },
    {
        "model": "cars.carimages",
        "pk": 59,
        "fields": {
            "car": 15,
            "image": "Car/All_Images/{{self.car.name}}_{{self.model}}_{{self.car.id}}/2023-toyota-bz4x-limited_pQZnfgA.jpg",
            "added_at": "2024-02-12T19:16:13.494Z"
        }
    },
    {
        "model": "cars.carimages",
        "pk": 60,
        "fields": {
            "car": 15,
            "image": "Car/All_Images/{{self.car.name}}_{{self.model}}_{{self.car.id}}/2023-toyota-bz4x-limited_6oStD26.jpg",
            "added_at": "2024-02-12T19:16:13.494Z"
        }
    },
    {
        "model": "cars.specification",
        "pk": 1,
        "fields": {
            "car": 1,
            "max_speed_in_km_per_h": 250,
            "engine_size": "3.00",
            "seats": 5,
            "condition": "10.00",
            "transmission": 2,
            "fuel_type": 1
        }
    },
    {
        "model": "cars.specification",
        "pk": 2,
        "fields": {
            "car": 2,
            "max_speed_in_km_per_h": 250,
            "engine_size": "2.00",
            "seats": 5,
            "condition": "9.95",
            "transmission": 2,
            "fuel_type": 1
        }
    },
    {
        "model": "cars.specification",
        "pk": 3,
        "fields": {
            "car": 3,
            "max_speed_in_km_per_h": 224,
            "engine_size": "2.00",
            "seats": 5,
            "condition": "9.95",
            "transmission": 2,
            "fuel_type": 1
        }
    },
    {
        "model": "cars.specification",
        "pk": 4,
        "fields": {
            "car": 4,
            "max_speed_in_km_per_h": 210,
            "engine_size": "2.00",
            "seats": 5,
            "condition": "9.45",
            "transmission": 2,
            "fuel_type": 1
        }
    },
    {
        "model": "cars.specification",
        "pk": 5,
        "fields": {
            "car": 6,
            "max_speed_in_km_per_h": 250,
            "engine_size": "3.90",
            "seats": 4,
            "condition": "8.95",
            "transmission": 2,
            "fuel_type": 3
        }
    },
    {
        "model": "cars.specification",
        "pk": 6,
        "fields": {
            "car": 5,
            "max_speed_in_km_per_h": 240,
            "engine_size": "2.00",
            "seats": 5,
            "condition": "8.85",
            "transmission": 2,
            "fuel_type": 1
        }
    },
    {
        "model": "cars.specification",
        "pk": 7,
        "fields": {
            "car": 7,
            "max_speed_in_km_per_h": 310,
            "engine_size": "4.00",
            "seats": 2,
            "condition": "7.95",
            "transmission": 2,
            "fuel_type": 1
        }
    },
    {
        "model": "cars.specification",
        "pk": 8,
        "fields": {
            "car": 8,
            "max_speed_in_km_per_h": 250,
            "engine_size": "4.70",
            "seats": 5,
            "condition": "7.95",
            "transmission": 2,
            "fuel_type": 1
        }
    },
    {
        "model": "cars.specification",
        "pk": 9,
        "fields": {
            "car": 9,
            "max_speed_in_km_per_h": 250,
            "engine_size": "3.00",
            "seats": 2,
            "condition": "7.95",
            "transmission": 1,
            "fuel_type": 1
        }
    },
    {
        "model": "cars.specification",
        "pk": 10,
        "fields": {
            "car": 10,
            "max_speed_in_km_per_h": 215,
            "engine_size": "2.00",
            "seats": 5,
            "condition": "8.00",
            "transmission": 2,
            "fuel_type": 1
        }
    },
    {
        "model": "cars.specification",
        "pk": 11,
        "fields": {
            "car": 11,
            "max_speed_in_km_per_h": 222,
            "engine_size": "2.00",
            "seats": 5,
            "condition": "9.95",
            "transmission": 2,
            "fuel_type": 1
        }
    },
    {
        "model": "cars.specification",
        "pk": 12,
        "fields": {
            "car": 12,
            "max_speed_in_km_per_h": 180,
            "engine_size": "2.00",
            "seats": 5,
            "condition": "9.50",
            "transmission": 2,
            "fuel_type": 1
        }
    },
    {
        "model": "cars.specification",
        "pk": 13,
        "fields": {
            "car": 13,
            "max_speed_in_km_per_h": 185,
            "engine_size": "2.00",
            "seats": 5,
            "condition": "10.00",
            "transmission": 2,
            "fuel_type": 1
        }
    },
    {
        "model": "cars.specification",
        "pk": 14,
        "fields": {
            "car": 14,
            "max_speed_in_km_per_h": 275,
            "engine_size": "2.00",
            "seats": 2,
            "condition": "10.00",
            "transmission": 2,
            "fuel_type": 1
        }
    },
    {
        "model": "cars.specification",
        "pk": 15,
        "fields": {
            "car": 15,
            "max_speed_in_km_per_h": 164,
            "engine_size": "0.00",
            "seats": 6,
            "condition": "10.00",
            "transmission": 2,
            "fuel_type": 3
        }
    },
    {
        "model": "cars.features",
        "pk": 1,
        "fields": {
            "car": 1,
            "Air_Conditioner": true,
            "Digital_Odometer": true,
            "Heater": true,
            "Leather_Seats": true,
            "Panoramic_Moonroof": true,
            "Tachometer": true,
            "Touchscreen_Display": true,
            "Antilock_Braking": true,
            "Brake_Assist": true,
            "Child_Safety_Locks": true,
            "Driver_Air_Bag": true,
            "Power_Door_Locks": true,
            "Stability_Control": true,
            "Traction_Control": true,
            "Fog_Lights_Front": true,
            "Rain_Sensing_Wiper": true,
            "Rear_Spoiler": true,
            "Windows_Electric": true,
            "Android_Auto": true,
            "Bluetooth": true,
            "HomeLink": false,
            "Power_Steering": true
        }
    },
    {
        "model": "cars.features",
        "pk": 2,
        "fields": {
            "car": 2,
            "Air_Conditioner": true,
            "Digital_Odometer": true,
            "Heater": true,
            "Leather_Seats": false,
            "Panoramic_Moonroof": false,
            "Tachometer": true,
            "Touchscreen_Display": true,
            "Antilock_Braking": true,
            "Brake_Assist": true,
            "Child_Safety_Locks": true,
            "Driver_Air_Bag": true,
            "Power_Door_Locks": true,
            "Stability_Control": true,
            "Traction_Control": true,
            "Fog_Lights_Front": true,
            "Rain_Sensing_Wiper": true,
            "Rear_Spoiler": true,
            "Windows_Electric": true,
            "Android_Auto": true,
            "Bluetooth": true,
            "HomeLink": false,
            "Power_Steering": true
        }
    },
    {
        "model": "cars.features",
        "pk": 3,
        "fields": {
            "car": 3,
            "Air_Conditioner": true,
            "Digital_Odometer": true,
            "Heater": true,
            "Leather_Seats": true,
            "Panoramic_Moonroof": true,
            "Tachometer": true,
            "Touchscreen_Display": true,
            "Antilock_Braking": true,
            "Brake_Assist": true,
            "Child_Safety_Locks": true,
            "Driver_Air_Bag": true,
            "Power_Door_Locks": true,
            "Stability_Control": true,
            "Traction_Control": true,
            "Fog_Lights_Front": true,
            "Rain_Sensing_Wiper": false,
            "Rear_Spoiler": true,
            "Windows_Electric": true,
            "Android_Auto": true,
            "Bluetooth": true,
            "HomeLink": false,
            "Power_Steering": true
        }
    },
    {
        "model": "cars.features",
        "pk": 4,
        "fields": {
            "car": 4,
            "Air_Conditioner": true,
            "Digital_Odometer": true,
            "Heater": true,
            "Leather_Seats": true,
            "Panoramic_Moonroof": true,
            "Tachometer": true,
            "Touchscreen_Display": true,
            "Antilock_Braking": true,
            "Brake_Assist": true,
            "Child_Safety_Locks": true,
            "Driver_Air_Bag": true,
            "Power_Door_Locks": true,
            "Stability_Control": true,
            "Traction_Control": true,
            "Fog_Lights_Front": true,
            "Rain_Sensing_Wiper": false,
            "Rear_Spoiler": true,
            "Windows_Electric": true,
            "Android_Auto": true,
            "Bluetooth": true,
            "HomeLink": false,
            "Power_Steering": true
        }
    },
    {
        "model": "cars.features",
        "pk": 5,
        "fields": {
            "car": 6,
            "Air_Conditioner": true,
            "Digital_Odometer": true,
            "Heater": true,
            "Leather_Seats": true,
            "Panoramic_Moonroof": true,
            "Tachometer": true,
            "Touchscreen_Display": true,
            "Antilock_Braking": true,
            "Brake_Assist": true,
            "Child_Safety_Locks": true,
            "Driver_Air_Bag": true,
            "Power_Door_Locks": false,
            "Stability_Control": true,
            "Traction_Control": true,
            "Fog_Lights_Front": true,
            "Rain_Sensing_Wiper": true,
            "Rear_Spoiler": true,
            "Windows_Electric": true,
            "Android_Auto": true,
            "Bluetooth": true,
            "HomeLink": false,
            "Power_Steering": true
        }
    },
    {
        "model": "cars.features",
        "pk": 6,
        "fields": {
            "car": 5,
            "Air_Conditioner": true,
            "Digital_Odometer": true,
            "Heater": true,
            "Leather_Seats": true,
            "Panoramic_Moonroof": true,
            "Tachometer": true,
            "Touchscreen_Display": true,
            "Antilock_Braking": true,
            "Brake_Assist": true,
            "Child_Safety_Locks": true,
            "Driver_Air_Bag": true,
            "Power_Door_Locks": true,
            "Stability_Control": true,
            "Traction_Control": true,
            "Fog_Lights_Front": true,
            "Rain_Sensing_Wiper": false,
            "Rear_Spoiler": true,
            "Windows_Electric": true,
            "Android_Auto": true,
            "Bluetooth": true,
            "HomeLink": false,
            "Power_Steering": true
        }
    },
    {
        "model": "cars.features",
        "pk": 7,
        "fields": {
            "car": 7,
            "Air_Conditioner": true,
            "Digital_Odometer": true,
            "Heater": true,
            "Leather_Seats": true,
            "Panoramic_Moonroof": true,
            "Tachometer": false,
            "Touchscreen_Display": false,
            "Antilock_Braking": true,
            "Brake_Assist": true,
            "Child_Safety_Locks": true,
            "Driver_Air_Bag": true,
            "Power_Door_Locks": true,
            "Stability_Control": true,
            "Traction_Control": false,
            "Fog_Lights_Front": true,
            "Rain_Sensing_Wiper": false,
            "Rear_Spoiler": true,
            "Windows_Electric": true,
            "Android_Auto": false,
            "Bluetooth": true,
            "HomeLink": false,
            "Power_Steering": true
        }
    },
    {
        "model": "cars.features",
        "pk": 8,
        "fields": {
            "car": 8,
            "Air_Conditioner": true,
            "Digital_Odometer": true,
            "Heater": true,
            "Leather_Seats": true,
            "Panoramic_Moonroof": true,
            "Tachometer": true,
            "Touchscreen_Display": true,
            "Antilock_Braking": true,
            "Brake_Assist": true,
            "Child_Safety_Locks": true,
            "Driver_Air_Bag": true,
            "Power_Door_Locks": true,
            "Stability_Control": true,
            "Traction_Control": true,
            "Fog_Lights_Front": true,
            "Rain_Sensing_Wiper": true,
            "Rear_Spoiler": true,
            "Windows_Electric": true,
            "Android_Auto": false,
            "Bluetooth": true,
            "HomeLink": false,
            "Power_Steering": true
        }
    },
    {
        "model": "cars.features",
        "pk": 9,
        "fields": {
            "car": 9,
            "Air_Conditioner": true,
            "Digital_Odometer": true,
            "Heater": true,
            "Leather_Seats": true,
            "Panoramic_Moonroof": false,
            "Tachometer": true,
            "Touchscreen_Display": true,
            "Antilock_Braking": true,
            "Brake_Assist": true,
            "Child_Safety_Locks": true,
            "Driver_Air_Bag": true,
            "Power_Door_Locks": true,
            "Stability_Control": true,
            "Traction_Control": true,
            "Fog_Lights_Front": true,
            "Rain_Sensing_Wiper": true,
            "Rear_Spoiler": true,
            "Windows_Electric": true,
            "Android_Auto": true,
            "Bluetooth": true,
            "HomeLink": false,
            "Power_Steering": true
        }
    },
    {
        "model": "cars.features",
        "pk": 10,
        "fields": {
            "car": 10,
            "Air_Conditioner": true,
            "Digital_Odometer": true,
            "Heater": true,
            "Leather_Seats": true,
            "Panoramic_Moonroof": true,
            "Tachometer": true,
            "Touchscreen_Display": true,
            "Antilock_Braking": true,
            "Brake_Assist": true,
            "Child_Safety_Locks": true,
            "Driver_Air_Bag": true,
            "Power_Door_Locks": true,
            "Stability_Control": true,
            "Traction_Control": true,
            "Fog_Lights_Front": true,
            "Rain_Sensing_Wiper": true,
            "Rear_Spoiler": true,
            "Windows_Electric": true,
            "Android_Auto": true,
            "Bluetooth": true,
            "HomeLink": false,
            "Power_Steering": true
        }
    },
    {
        "model": "cars.features",
        "pk": 11,
        "fields": {
            "car": 11,
            "Air_Conditioner": true,
            "Digital_Odometer": true,
            "Heater": true,
            "Leather_Seats": true,
            "Panoramic_Moonroof": false,
            "Tachometer": true,
            "Touchscreen_Display": true,
            "Antilock_Braking": true,
            "Brake_Assist": true,
            "Child_Safety_Locks": true,
            "Driver_Air_Bag": true,
            "Power_Door_Locks": true,
            "Stability_Control": true,
            "Traction_Control": true,
            "Fog_Lights_Front": true,
            "Rain_Sensing_Wiper": false,
            "Rear_Spoiler": true,
            "Windows_Electric": true,
            "Android_Auto": true,
            "Bluetooth": true,
            "HomeLink": false,
            "Power_Steering": true
        }
    },
    {
        "model": "cars.features",
        "pk": 12,
        "fields": {
            "car": 12,
            "Air_Conditioner": true,
            "Digital_Odometer": true,
            "Heater": true,
            "Leather_Seats": true,
            "Panoramic_Moonroof": false,
            "Tachometer": true,
            "Touchscreen_Display": true,
            "Antilock_Braking": true,
            "Brake_Assist": true,
            "Child_Safety_Locks": true,
            "Driver_Air_Bag": true,
            "Power_Door_Locks": true,
            "Stability_Control": true,
            "Traction_Control": true,
            "Fog_Lights_Front": true,
            "Rain_Sensing_Wiper": true,
            "Rear_Spoiler": true,
            "Windows_Electric": true,
            "Android_Auto": true,
            "Bluetooth": true,
            "HomeLink": false,
            "Power_Steering": true
        }
    },
    {
        "model": "cars.features",
        "pk": 13,
        "fields": {
            "car": 13,
            "Air_Conditioner": true,
            "Digital_Odometer": true,
            "Heater": true,
            "Leather_Seats": true,
            "Panoramic_Moonroof": true,
            "Tachometer": true,
            "Touchscreen_Display": true,
            "Antilock_Braking": true,
            "Brake_Assist": true,
            "Child_Safety_Locks": true,
            "Driver_Air_Bag": true,
            "Power_Door_Locks": true,
            "Stability_Control": true,
            "Traction_Control": true,
            "Fog_Lights_Front": true,
            "Rain_Sensing_Wiper": true,
            "Rear_Spoiler": true,
            "Windows_Electric": true,
            "Android_Auto": true,
            "Bluetooth": true,
            "HomeLink": false,
            "Power_Steering": true
        }
    },
    {
        "model": "cars.features",
        "pk": 14,
        "fields": {
            "car": 14,
            "Air_Conditioner": true,
            "Digital_Odometer": true,
            "Heater": true,
            "Leather_Seats": true,
            "Panoramic_Moonroof": true,
            "Tachometer": true,
            "Touchscreen_Display": true,
            "Antilock_Braking": true,
            "Brake_Assist": true,
            "Child_Safety_Locks": true,
            "Driver_Air_Bag": true,
            "Power_Door_Locks": true,
            "Stability_Control": true,
            "Traction_Control": true,
            "Fog_Lights_Front": true,
            "Rain_Sensing_Wiper": true,
            "Rear_Spoiler": true,
            "Windows_Electric": true,
            "Android_Auto": true,
            "Bluetooth": true,
            "HomeLink": false,
            "Power_Steering": true
        }
    },
    {
        "model": "cars.features",
        "pk": 15,
        "fields": {
            "car": 15,
            "Air_Conditioner": true,
            "Digital_Odometer": true,
            "Heater": true,
            "Leather_Seats": true,
            "Panoramic_Moonroof": false,
            "Tachometer": true,
            "Touchscreen_Display": true,
            "Antilock_Braking": true,
            "Brake_Assist": true,
            "Child_Safety_Locks": true,
            "Driver_Air_Bag": true,
            "Power_Door_Locks": true,
            "Stability_Control": true,
            "Traction_Control": true,
            "Fog_Lights_Front": true,
            "Rain_Sensing_Wiper": true,
            "Rear_Spoiler": true,
            "Windows_Electric": true,
            "Android_Auto": true,
            "Bluetooth": true,
            "HomeLink": false,
            "Power_Steering": true
        }
    },
    {
        "model": "cars.review",
        "pk": 1,
        "fields": {
            "user": 2,
            "car": 5,
            "rating": 4,
            "review": "Good Car",
            "image": ""
        }
    },
    {
        "model": "cars.review",
        "pk": 2,
        "fields": {
            "user": 3,
            "car": 5,
            "rating": 2,
            "review": "bad",
            "image": ""
        }
    },
    {
        "model": "cars.review",
        "pk": 4,
        "fields": {
            "user": 3,
            "car": 7,
            "rating": 5,
            "review": "Good Car",
            "image": ""
        }
    },
    {
        "model": "cars.review",
        "pk": 5,
        "fields": {
            "user": 2,
            "car": 1,
            "rating": 5,
            "review": "My Favorite Car",
            "image": ""
        }
    },
    {
        "model": "rent.rent",
        "pk": 25,
        "fields": {
            "rid": "2314421451",
            "user": 2,
            "car": 8,
            "cancelled": false,
            "is_deleted": false,
            "delivery_method": "Pickup",
            "paid": true,
            "period": "Week",
            "number_of_period": 3,
            "rent": 227997,
            "total_rent": 248796,
            "is_extended": false,
            "extended_rent": 0,
            "created_at": "2024-02-25T14:00:28.374Z"
        }
    },
    {
        "model": "rent.rent",
        "pk": 26,
        "fields": {
            "rid": "5445421511",
            "user": 2,
            "car": 7,
            "cancelled": false,
            "is_deleted": false,
            "delivery_method": "Pickup",
            "paid": false,
            "period": "Month",
            "number_of_period": 12,
            "rent": 13199988,
            "total_rent": 13304787,
            "is_extended": false,
            "extended_rent": 0,
            "created_at": "2024-02-25T15:51:34.646Z"
        }
    },
    {
        "model": "rent.rent",
        "pk": 27,
        "fields": {
            "rid": "2511414111",
            "user": 2,
            "car": 7,
            "cancelled": false,
            "is_deleted": false,
            "delivery_method": "Pickup",
            "paid": false,
            "period": "Month",
            "number_of_period": 12,
            "rent": 13199988,
            "total_rent": 13304787,
            "is_extended": false,
            "extended_rent": 0,
            "created_at": "2024-02-25T15:52:50.302Z"
        }
    },
    {
        "model": "rent.rent",
        "pk": 28,
        "fields": {
            "rid": "2355353444",
            "user": 2,
            "car": 12,
            "cancelled": false,
            "is_deleted": false,
            "delivery_method": "Pickup",
            "paid": false,
            "period": "Month",
            "number_of_period": 6,
            "rent": 5999994,
            "total_rent": 6042393,
            "is_extended": false,
            "extended_rent": 0,
            "created_at": "2024-02-25T16:02:00.463Z"
        }
    },
    {
        "model": "rent.rent",
        "pk": 29,
        "fields": {
            "rid": "2451413152",
            "user": 2,
            "car": 15,
            "cancelled": false,
            "is_deleted": false,
            "delivery_method": "Pickup",
            "paid": false,
            "period": "Day",
            "number_of_period": 4,
            "rent": 315996,
            "total_rent": 379195,
            "is_extended": false,
            "extended_rent": 0,
            "created_at": "2024-02-26T15:53:50.705Z"
        }
    },
    {
        "model": "rent.rent",
        "pk": 30,
        "fields": {
            "rid": "4341423534",
            "user": 2,
            "car": 15,
            "cancelled": false,
            "is_deleted": false,
            "delivery_method": "Home Delivery",
            "paid": true,
            "period": "Day",
            "number_of_period": 4,
            "rent": 315996,
            "total_rent": 379195,
            "is_extended": false,
            "extended_rent": 0,
            "created_at": "2024-02-26T16:01:33.663Z"
        }
    },
    {
        "model": "rent.rent",
        "pk": 31,
        "fields": {
            "rid": "4212214542",
            "user": 2,
            "car": 1,
            "cancelled": false,
            "is_deleted": false,
            "delivery_method": "Pickup",
            "paid": true,
            "period": "Day",
            "number_of_period": 1,
            "rent": 32999,
            "total_rent": 59398,
            "is_extended": false,
            "extended_rent": 0,
            "created_at": "2024-02-26T16:39:39.606Z"
        }
    },
    {
        "model": "rent.rent",
        "pk": 32,
        "fields": {
            "rid": "2555313313",
            "user": 3,
            "car": 6,
            "cancelled": false,
            "is_deleted": false,
            "delivery_method": "Pickup",
            "paid": false,
            "period": "Day",
            "number_of_period": 1,
            "rent": 69999,
            "total_rent": 125998,
            "is_extended": false,
            "extended_rent": 0,
            "created_at": "2024-02-26T16:59:55.867Z"
        }
    },
    {
        "model": "rent.rent",
        "pk": 33,
        "fields": {
            "rid": "2152153211",
            "user": 3,
            "car": 6,
            "cancelled": false,
            "is_deleted": false,
            "delivery_method": "Home Delivery",
            "paid": true,
            "period": "Day",
            "number_of_period": 1,
            "rent": 69999,
            "total_rent": 125998,
            "is_extended": false,
            "extended_rent": 0,
            "created_at": "2024-02-26T17:00:20.558Z"
        }
    },
    {
        "model": "rent.rent",
        "pk": 34,
        "fields": {
            "rid": "2441133134",
            "user": 3,
            "car": 9,
            "cancelled": false,
            "is_deleted": false,
            "delivery_method": "Pickup",
            "paid": false,
            "period": "Day",
            "number_of_period": 1,
            "rent": 32999,
            "total_rent": 59398,
            "is_extended": false,
            "extended_rent": 0,
            "created_at": "2024-02-26T17:18:24.382Z"
        }
    },
    {
        "model": "rent.rent",
        "pk": 35,
        "fields": {
            "rid": "2343313122",
            "user": 3,
            "car": 9,
            "cancelled": false,
            "is_deleted": false,
            "delivery_method": "Pickup",
            "paid": false,
            "period": "Day",
            "number_of_period": 1,
            "rent": 32999,
            "total_rent": 59398,
            "is_extended": false,
            "extended_rent": 0,
            "created_at": "2024-02-26T17:19:53.809Z"
        }
    },
    {
        "model": "rent.rent",
        "pk": 36,
        "fields": {
            "rid": "3514332412",
            "user": 3,
            "car": 9,
            "cancelled": false,
            "is_deleted": false,
            "delivery_method": "Pickup",
            "paid": false,
            "period": "Day",
            "number_of_period": 1,
            "rent": 32999,
            "total_rent": 59398,
            "is_extended": false,
            "extended_rent": 0,
            "created_at": "2024-02-26T17:20:09.628Z"
        }
    },
    {
        "model": "rent.rent",
        "pk": 37,
        "fields": {
            "rid": "4233134213",
            "user": 3,
            "car": 9,
            "cancelled": false,
            "is_deleted": false,
            "delivery_method": "Pickup",
            "paid": false,
            "period": "Day",
            "number_of_period": 1,
            "rent": 32999,
            "total_rent": 59398,
            "is_extended": false,
            "extended_rent": 0,
            "created_at": "2024-02-26T17:20:50.674Z"
        }
    },
    {
        "model": "rent.rent",
        "pk": 38,
        "fields": {
            "rid": "5335131544",
            "user": 3,
            "car": 2,
            "cancelled": false,
            "is_deleted": false,
            "delivery_method": "Pickup",
            "paid": false,
            "period": "Day",
            "number_of_period": 1,
            "rent": 27999,
            "total_rent": 50398,
            "is_extended": false,
            "extended_rent": 0,
            "created_at": "2024-02-26T17:35:28.879Z"
        }
    },
    {
        "model": "rent.rent",
        "pk": 39,
        "fields": {
            "rid": "3411544543",
            "user": 3,
            "car": 2,
            "cancelled": false,
            "is_deleted": false,
            "delivery_method": "Pickup",
            "paid": true,
            "period": "Day",
            "number_of_period": 1,
            "rent": 27999,
            "total_rent": 50398,
            "is_extended": false,
            "extended_rent": 0,
            "created_at": "2024-02-26T17:49:14.166Z"
        }
    },
    {
        "model": "rent.rent",
        "pk": 40,
        "fields": {
            "rid": "2114251551",
            "user": 3,
            "car": 11,
            "cancelled": false,
            "is_deleted": false,
            "delivery_method": "Home Delivery",
            "paid": true,
            "period": "Day",
            "number_of_period": 1,
            "rent": 20999,
            "total_rent": 37798,
            "is_extended": false,
            "extended_rent": 0,
            "created_at": "2024-02-26T18:58:38.937Z"
        }
    },
    {
        "model": "rent.rent",
        "pk": 41,
        "fields": {
            "rid": "5445411154",
            "user": 3,
            "car": 4,
            "cancelled": false,
            "is_deleted": false,
            "delivery_method": "Pickup",
            "paid": true,
            "period": "Day",
            "number_of_period": 2,
            "rent": 61998,
            "total_rent": 86797,
            "is_extended": false,
            "extended_rent": 0,
            "created_at": "2024-02-26T19:15:46.189Z"
        }
    },
    {
        "model": "rent.rent",
        "pk": 42,
        "fields": {
            "rid": "5143311344",
            "user": 3,
            "car": 10,
            "cancelled": false,
            "is_deleted": false,
            "delivery_method": "Pickup",
            "paid": true,
            "period": "Day",
            "number_of_period": 1,
            "rent": 28999,
            "total_rent": 52198,
            "is_extended": false,
            "extended_rent": 0,
            "created_at": "2024-02-26T19:31:48.867Z"
        }
    },
    {
        "model": "rent.rent",
        "pk": 43,
        "fields": {
            "rid": "3235234435",
            "user": 3,
            "car": 5,
            "cancelled": false,
            "is_deleted": false,
            "delivery_method": "Pickup",
            "paid": true,
            "period": "Day",
            "number_of_period": 2,
            "rent": 63998,
            "total_rent": 89597,
            "is_extended": false,
            "extended_rent": 0,
            "created_at": "2024-02-26T19:35:58.461Z"
        }
    },
    {
        "model": "rent.rent",
        "pk": 44,
        "fields": {
            "rid": "2255524312",
            "user": 3,
            "car": 1,
            "cancelled": false,
            "is_deleted": false,
            "delivery_method": "Pickup",
            "paid": true,
            "period": "Day",
            "number_of_period": 2,
            "rent": 65998,
            "total_rent": 92397,
            "is_extended": false,
            "extended_rent": 0,
            "created_at": "2024-02-26T19:57:17.606Z"
        }
    },
    {
        "model": "rent.rent",
        "pk": 45,
        "fields": {
            "rid": "2224515412",
            "user": 3,
            "car": 11,
            "cancelled": false,
            "is_deleted": false,
            "delivery_method": "Pickup",
            "paid": true,
            "period": "Day",
            "number_of_period": 1,
            "rent": 20999,
            "total_rent": 37798,
            "is_extended": false,
            "extended_rent": 0,
            "created_at": "2024-02-27T12:16:22.509Z"
        }
    },
    {
        "model": "rent.rent",
        "pk": 46,
        "fields": {
            "rid": "4224412331",
            "user": 3,
            "car": 15,
            "cancelled": false,
            "is_deleted": false,
            "delivery_method": "Pickup",
            "paid": false,
            "period": "Day",
            "number_of_period": 1,
            "rent": 78999,
            "total_rent": 142198,
            "is_extended": false,
            "extended_rent": 0,
            "created_at": "2024-02-27T20:42:14.492Z"
        }
    },
    {
        "model": "rent.rent",
        "pk": 47,
        "fields": {
            "rid": "2553411324",
            "user": 3,
            "car": 15,
            "cancelled": false,
            "is_deleted": false,
            "delivery_method": "Pickup",
            "paid": false,
            "period": "Day",
            "number_of_period": 1,
            "rent": 78999,
            "total_rent": 142198,
            "is_extended": false,
            "extended_rent": 0,
            "created_at": "2024-02-27T20:43:41.995Z"
        }
    },
    {
        "model": "rent.rent",
        "pk": 48,
        "fields": {
            "rid": "2541151242",
            "user": 3,
            "car": 15,
            "cancelled": false,
            "is_deleted": false,
            "delivery_method": "Pickup",
            "paid": true,
            "period": "Day",
            "number_of_period": 1,
            "rent": 78999,
            "total_rent": 142198,
            "is_extended": false,
            "extended_rent": 0,
            "created_at": "2024-02-27T20:48:28.033Z"
        }
    },
    {
        "model": "rent.rent",
        "pk": 49,
        "fields": {
            "rid": "2135555245",
            "user": 3,
            "car": 7,
            "cancelled": false,
            "is_deleted": false,
            "delivery_method": "Pickup",
            "paid": false,
            "period": "Day",
            "number_of_period": 2,
            "rent": 261998,
            "total_rent": 366797,
            "is_extended": false,
            "extended_rent": 0,
            "created_at": "2024-03-02T07:46:03.264Z"
        }
    },
    {
        "model": "rent.rent",
        "pk": 50,
        "fields": {
            "rid": "3443452521",
            "user": 3,
            "car": 7,
            "cancelled": false,
            "is_deleted": false,
            "delivery_method": "Pickup",
            "paid": false,
            "period": "Day",
            "number_of_period": 2,
            "rent": 261998,
            "total_rent": 366797,
            "is_extended": false,
            "extended_rent": 0,
            "created_at": "2024-03-02T07:47:06.104Z"
        }
    },
    {
        "model": "rent.rent",
        "pk": 51,
        "fields": {
            "rid": "2232135345",
            "user": 3,
            "car": 7,
            "cancelled": false,
            "is_deleted": false,
            "delivery_method": "Pickup",
            "paid": true,
            "period": "Day",
            "number_of_period": 2,
            "rent": 261998,
            "total_rent": 366797,
            "is_extended": false,
            "extended_rent": 0,
            "created_at": "2024-03-02T08:40:54.241Z"
        }
    },
    {
        "model": "rent.rent",
        "pk": 52,
        "fields": {
            "rid": "4522545435",
            "user": 2,
            "car": 1,
            "cancelled": false,
            "is_deleted": false,
            "delivery_method": "Home Delivery",
            "paid": true,
            "period": "Day",
            "number_of_period": 3,
            "rent": 98997,
            "total_rent": 125396,
            "is_extended": false,
            "extended_rent": 0,
            "created_at": "2024-03-10T18:36:47.852Z"
        }
    },
    {
        "model": "rent.rent",
        "pk": 54,
        "fields": {
            "rid": "2234454551",
            "user": 2,
            "car": 2,
            "cancelled": false,
            "is_deleted": false,
            "delivery_method": "Pickup",
            "paid": true,
            "period": "Day",
            "number_of_period": 2,
            "rent": 55998,
            "total_rent": 78397,
            "is_extended": false,
            "extended_rent": 0,
            "created_at": "2024-03-15T13:28:08.637Z"
        }
    },
    {
        "model": "rent.rent",
        "pk": 55,
        "fields": {
            "rid": "2542334411",
            "user": 1,
            "car": 1,
            "cancelled": false,
            "is_deleted": false,
            "delivery_method": "Pickup",
            "paid": true,
            "period": "Day",
            "number_of_period": 1,
            "rent": 32999,
            "total_rent": 59398,
            "is_extended": false,
            "extended_rent": 0,
            "created_at": "2024-03-16T23:05:22.207Z"
        }
    },
    {
        "model": "rent.rent",
        "pk": 56,
        "fields": {
            "rid": "2154552252",
            "user": 2,
            "car": 4,
            "cancelled": false,
            "is_deleted": false,
            "delivery_method": "Home Delivery",
            "paid": true,
            "period": "Day",
            "number_of_period": 1,
            "rent": 30999,
            "total_rent": 55798,
            "is_extended": false,
            "extended_rent": 0,
            "created_at": "2024-03-20T17:04:47.754Z"
        }
    },
    {
        "model": "rent.rent",
        "pk": 57,
        "fields": {
            "rid": "5534332514",
            "user": 2,
            "car": 9,
            "cancelled": false,
            "is_deleted": false,
            "delivery_method": "Pickup",
            "paid": true,
            "period": "Day",
            "number_of_period": 1,
            "rent": 32999,
            "total_rent": 59398,
            "is_extended": false,
            "extended_rent": 0,
            "created_at": "2024-03-20T17:34:05.760Z"
        }
    },
    {
        "model": "rent.rent",
        "pk": 58,
        "fields": {
            "rid": "2324232531",
            "user": 5,
            "car": 13,
            "cancelled": false,
            "is_deleted": false,
            "delivery_method": "Pickup",
            "paid": false,
            "period": "Day",
            "number_of_period": 1,
            "rent": 19999,
            "total_rent": 35998,
            "is_extended": false,
            "extended_rent": 0,
            "created_at": "2024-03-20T17:45:22.870Z"
        }
    },
    {
        "model": "rent.rent",
        "pk": 59,
        "fields": {
            "rid": "2534134544",
            "user": 2,
            "car": 4,
            "cancelled": false,
            "is_deleted": false,
            "delivery_method": "Home Delivery",
            "paid": true,
            "period": "Month",
            "number_of_period": 1,
            "rent": 30999,
            "total_rent": 225796,
            "is_extended": true,
            "extended_rent": 169998,
            "created_at": "2024-03-21T11:50:42.042Z"
        }
    },
    {
        "model": "rent.rent",
        "pk": 60,
        "fields": {
            "rid": "3114143145",
            "user": 2,
            "car": 9,
            "cancelled": false,
            "is_deleted": false,
            "delivery_method": "Home Delivery",
            "paid": true,
            "period": "Day",
            "number_of_period": 1,
            "rent": 32999,
            "total_rent": 158395,
            "is_extended": true,
            "extended_rent": 98997,
            "created_at": "2024-03-21T14:49:14.845Z"
        }
    },
    {
        "model": "rent.rent",
        "pk": 61,
        "fields": {
            "rid": "2245131244",
            "user": 2,
            "car": 2,
            "cancelled": false,
            "is_deleted": false,
            "delivery_method": "Home Delivery",
            "paid": true,
            "period": "Day",
            "number_of_period": 3,
            "rent": 83997,
            "total_rent": 162394,
            "is_extended": true,
            "extended_rent": 55998,
            "created_at": "2024-03-21T22:40:00.416Z"
        }
    },
    {
        "model": "rent.rent",
        "pk": 62,
        "fields": {
            "rid": "2212524132",
            "user": 2,
            "car": 3,
            "cancelled": false,
            "is_deleted": false,
            "delivery_method": "Home Delivery",
            "paid": true,
            "period": "Day",
            "number_of_period": 1,
            "rent": 29999,
            "total_rent": 113996,
            "is_extended": true,
            "extended_rent": 59998,
            "created_at": "2024-03-22T06:37:50.819Z"
        }
    },
    {
        "model": "rent.rent",
        "pk": 63,
        "fields": {
            "rid": "2412231243",
            "user": 2,
            "car": 5,
            "cancelled": false,
            "is_deleted": false,
            "delivery_method": "Home Delivery",
            "paid": true,
            "period": "Week",
            "number_of_period": 1,
            "rent": 89999,
            "total_rent": 179596,
            "is_extended": true,
            "extended_rent": 63998,
            "created_at": "2024-03-22T07:07:09.456Z"
        }
    },
    {
        "model": "rent.rent",
        "pk": 64,
        "fields": {
            "rid": "2333532445",
            "user": 2,
            "car": 8,
            "cancelled": false,
            "is_deleted": false,
            "delivery_method": "Home Delivery",
            "paid": true,
            "period": "Day",
            "number_of_period": 1,
            "rent": 25999,
            "total_rent": 98796,
            "is_extended": true,
            "extended_rent": 25999,
            "created_at": "2024-03-22T07:14:47.783Z"
        }
    },
    {
        "model": "rent.rent",
        "pk": 65,
        "fields": {
            "rid": "1431452441",
            "user": 2,
            "car": 1,
            "cancelled": false,
            "is_deleted": false,
            "delivery_method": "Home Delivery",
            "paid": true,
            "period": "Day",
            "number_of_period": 2,
            "rent": 65998,
            "total_rent": 92397,
            "is_extended": false,
            "extended_rent": 0,
            "created_at": "2024-03-25T07:28:36.894Z"
        }
    },
    {
        "model": "rent.extended_rent",
        "pk": 5,
        "fields": {
            "erid": "8799998787",
            "rent": 60,
            "period": "Day",
            "number_of_period": 3,
            "confirmed": true,
            "extended_at": "2024-03-21T22:25:17.047Z"
        }
    },
    {
        "model": "rent.extended_rent",
        "pk": 6,
        "fields": {
            "erid": "7689698689",
            "rent": 61,
            "period": "Day",
            "number_of_period": 2,
            "confirmed": true,
            "extended_at": "2024-03-21T22:41:40.550Z"
        }
    },
    {
        "model": "rent.extended_rent",
        "pk": 7,
        "fields": {
            "erid": "9868966769",
            "rent": 62,
            "period": "Day",
            "number_of_period": 2,
            "confirmed": true,
            "extended_at": "2024-03-22T06:39:31.886Z"
        }
    },
    {
        "model": "rent.extended_rent",
        "pk": 8,
        "fields": {
            "erid": "8888867977",
            "rent": 63,
            "period": "Day",
            "number_of_period": 2,
            "confirmed": true,
            "extended_at": "2024-03-22T07:09:06.404Z"
        }
    },
    {
        "model": "rent.extended_rent",
        "pk": 10,
        "fields": {
            "erid": "8786799676",
            "rent": 64,
            "period": "Day",
            "number_of_period": 1,
            "confirmed": true,
            "extended_at": "2024-03-22T07:20:39.611Z"
        }
    },
    {
        "model": "rent.rented_car",
        "pk": 2,
        "fields": {
            "rent": 33,
            "created_at": "2024-02-26T17:02:23.879Z",
            "return_status": "Returned",
            "over_due_charges": 209997
        }
    },
    {
        "model": "rent.rented_car",
        "pk": 3,
        "fields": {
            "rent": 39,
            "created_at": "2024-02-26T17:50:52.823Z",
            "return_status": "Finished",
            "over_due_charges": 0
        }
    },
    {
        "model": "rent.rented_car",
        "pk": 4,
        "fields": {
            "rent": 40,
            "created_at": "2024-02-26T18:59:27.112Z",
            "return_status": "Returned",
            "over_due_charges": 62997
        }
    },
    {
        "model": "rent.rented_car",
        "pk": 5,
        "fields": {
            "rent": 41,
            "created_at": "2024-02-26T19:16:43.431Z",
            "return_status": "Finished",
            "over_due_charges": 0
        }
    },
    {
        "model": "rent.rented_car",
        "pk": 6,
        "fields": {
            "rent": 42,
            "created_at": "2024-02-26T19:32:56.157Z",
            "return_status": "Finished",
            "over_due_charges": 0
        }
    },
    {
        "model": "rent.rented_car",
        "pk": 7,
        "fields": {
            "rent": 43,
            "created_at": "2024-02-26T19:36:56.567Z",
            "return_status": "Finished",
            "over_due_charges": 0
        }
    },
    {
        "model": "rent.rented_car",
        "pk": 8,
        "fields": {
            "rent": 44,
            "created_at": "2024-02-26T19:58:01.948Z",
            "return_status": "Finished",
            "over_due_charges": 0
        }
    },
    {
        "model": "rent.rented_car",
        "pk": 10,
        "fields": {
            "rent": 45,
            "created_at": "2024-02-27T12:17:15.417Z",
            "return_status": "Returned",
            "over_due_charges": 0
        }
    },
    {
        "model": "rent.rented_car",
        "pk": 11,
        "fields": {
            "rent": 48,
            "created_at": "2024-02-27T20:49:17.257Z",
            "return_status": "Returned",
            "over_due_charges": 0
        }
    },
    {
        "model": "rent.rented_car",
        "pk": 12,
        "fields": {
            "rent": 51,
            "created_at": "2024-03-02T08:41:56.797Z",
            "return_status": "Returned",
            "over_due_charges": 0
        }
    },
    {
        "model": "rent.rented_car",
        "pk": 13,
        "fields": {
            "rent": 52,
            "created_at": "2024-03-10T18:37:42.727Z",
            "return_status": "Returned",
            "over_due_charges": 131996
        }
    },
    {
        "model": "rent.rented_car",
        "pk": 15,
        "fields": {
            "rent": 54,
            "created_at": "2024-03-15T13:29:01.928Z",
            "return_status": "Finished",
            "over_due_charges": 0
        }
    },
    {
        "model": "rent.rented_car",
        "pk": 16,
        "fields": {
            "rent": 55,
            "created_at": "2024-03-16T23:11:02.083Z",
            "return_status": "Finished",
            "over_due_charges": 0
        }
    },
    {
        "model": "rent.rented_car",
        "pk": 17,
        "fields": {
            "rent": 56,
            "created_at": "2024-03-20T17:05:40.130Z",
            "return_status": "Returned",
            "over_due_charges": 0
        }
    },
    {
        "model": "rent.rented_car",
        "pk": 19,
        "fields": {
            "rent": 57,
            "created_at": "2024-03-20T17:35:12.248Z",
            "return_status": "Finished",
            "over_due_charges": 0
        }
    },
    {
        "model": "rent.rented_car",
        "pk": 20,
        "fields": {
            "rent": 59,
            "created_at": "2024-03-21T11:51:35.750Z",
            "return_status": "Returned",
            "over_due_charges": 0
        }
    },
    {
        "model": "rent.rented_car",
        "pk": 21,
        "fields": {
            "rent": 60,
            "created_at": "2024-03-21T14:50:06.053Z",
            "return_status": "Returned",
            "over_due_charges": 0
        }
    },
    {
        "model": "rent.rented_car",
        "pk": 22,
        "fields": {
            "rent": 61,
            "created_at": "2024-03-21T22:40:45.225Z",
            "return_status": "Returned",
            "over_due_charges": 0
        }
    },
    {
        "model": "rent.rented_car",
        "pk": 23,
        "fields": {
            "rent": 62,
            "created_at": "2024-03-22T06:38:46.960Z",
            "return_status": "Returned",
            "over_due_charges": 0
        }
    },
    {
        "model": "rent.rented_car",
        "pk": 24,
        "fields": {
            "rent": 63,
            "created_at": "2024-03-22T07:08:05.830Z",
            "return_status": "Returned",
            "over_due_charges": 0
        }
    },
    {
        "model": "rent.rented_car",
        "pk": 25,
        "fields": {
            "rent": 64,
            "created_at": "2024-03-22T07:15:45.541Z",
            "return_status": "Returned",
            "over_due_charges": 0
        }
    },
    {
        "model": "rent.rented_car",
        "pk": 26,
        "fields": {
            "rent": 65,
            "created_at": "2024-03-25T07:29:27.167Z",
            "return_status": "To be delivered",
            "over_due_charges": 0
        }
    }
]